"venue_id","date","hour","checkin_count","unique_users","top_genre"
"768d4f5e-19db-4d7a-9734-72456c778b98","2025-12-18","10","53","71","rock"
"b5224c0a-dbe5-450a-a407-b80c6c239abd","2025-08-10","23","26","487","pop"
"c5544c84-a619-461d-997f-13d756acfd81","2026-01-19","22","104","230","electronica"
"b2fe3dac-f4c9-490a-8233-f9396836f8d8","2026-03-01","9","9","114","reggaeton"
"64b260a9-ebc5-4e26-ad24-169388ef3f6d","2026-04-08","13","380","256","indie"
"135d02dd-776d-4041-b58d-a4bace2bd502","2025-11-28","9","313","208","jazz"
"b492d484-6e88-4199-bc37-10baa2f810cb","2025-09-16","15","306","454","techno"
"e7d3e30f-9ba4-4f25-a091-3bcfeb207cf5","2026-03-14","12","209","484","rock"
"84059d76-2d74-4e94-9359-9079909d1774","2025-08-21","6","66","416","pop"
"96c6f09d-df2d-49ef-9704-9c25cb0e198c","2025-10-01","23","35","463","electronica"
"e425349b-9bea-4633-8a9e-4b04bd1fe621","2025-07-31","22","422","240","reggaeton"
"74203c10-366c-4057-94ce-dd621addee64","2025-08-22","12","182","166","indie"
"622bd4ee-6ce9-42d3-a0b8-abfef6856403","2026-01-26","21","272","260","jazz"
"33404341-3a6b-490f-8032-03789601df45","2025-11-17","14","177","152","techno"
"eb7ac73d-6962-4572-b244-c02eb22c67d1","2025-12-22","12","115","33","rock"
"1e2707e5-97be-49ca-9324-24497939b1f6","2025-11-15","22","195","259","pop"
"0a2b75d1-3d53-412d-a30e-ae337035c044","2025-12-06","12","491","223","electronica"
"4d38a94d-72da-4178-b06e-2f1719cbb21c","2026-01-24","16","121","59","reggaeton"
"43b87861-9d3c-4e74-9b35-7c09dc1c3794","2026-04-15","7","224","385","indie"
"6bd5e2d5-7182-4973-9215-25f4241ca1b8","2025-06-18","7","249","399","jazz"
"0ce0eb44-c490-49a5-8d9c-8210f30a9353","2025-06-11","5","346","425","techno"
"b4c9b62e-e009-4c59-ba12-61ceb8720ef3","2026-02-08","19","130","111","rock"
"5fba3bf0-cb2d-46cf-9368-ca983c976224","2025-07-23","6","289","84","pop"
"0cd5f2e8-10cd-40ee-a83c-1e13b9108c39","2025-08-25","16","458","174","electronica"
"d7e8f6b5-24c9-466a-88fa-b22afc2619f0","2025-12-19","0","136","437","reggaeton"
"d0008cca-d4fe-4e5b-ab6c-2cbc74a7bc50","2026-02-10","16","267","172","indie"
"afd2b44f-61b2-430d-8935-ee8b93331f39","2025-11-05","1","255","30","jazz"
"6dc38d86-0130-490c-bc9a-a556256450f1","2025-11-11","21","148","122","techno"
"96367673-a165-4512-aadb-d8821e6d4d11","2025-08-09","17","385","401","rock"
"a6c484db-2c28-4d83-bb23-460f1cbf62c0","2025-12-25","9","485","311","pop"
"3717199c-7d3d-493c-9b72-5d49a216983a","2025-10-06","9","173","174","electronica"
"7f4fd028-b3ad-4f34-b966-72a619fe9bbb","2026-02-12","3","145","145","reggaeton"
"21958a00-c843-4b02-82f9-73326898c2a9","2026-01-06","8","103","423","indie"
"30fded2a-c22f-49b2-bd0a-c019a643dccc","2026-02-28","22","106","112","jazz"
"f44f0c29-8f0d-445a-8868-054cc3b0504f","2025-10-20","12","210","224","techno"
"d9abfd10-b5b8-414c-bb0e-626f6def54b2","2026-05-06","6","380","357","rock"
"9e19a8bb-a194-4822-a382-5b683c67a30d","2026-05-30","1","453","262","pop"
"5db4e969-c357-4a17-afea-7b16da3262f4","2025-07-21","17","251","108","electronica"
"436742ae-9c2d-4444-b921-a62f2f1a1026","2026-03-26","4","489","238","reggaeton"
"fefe1de3-8d4f-412c-a6bb-78f3329831e5","2025-12-01","7","454","382","indie"
"9ff2406e-1f61-46d5-b2bb-99b35024d855","2025-10-02","8","305","91","jazz"
"10f068bb-5f0b-4793-920d-fb27d7bfc1f5","2026-04-03","23","141","191","techno"
"dc6073ea-a56e-4a4d-8560-b6e6b1c3a62f","2025-09-17","6","497","0","rock"
"ab529949-8856-4478-91c5-631b862a1082","2025-09-10","7","67","33","pop"
"586cbd96-43ef-42d6-bcd4-57fc6b66e805","2026-04-29","21","451","324","electronica"
"ab06a079-b3bf-4c38-b68f-d75e3d0c1b82","2025-08-06","18","368","412","reggaeton"
"a3acd86d-3623-47a5-8ab1-91151608bb4e","2026-05-15","7","143","192","indie"
"a21b0dbb-4718-45b5-bc26-23d4d5afdcac","2026-02-20","1","80","213","jazz"
"898a9e0a-4a18-45e2-8232-69643ae88353","2025-07-28","11","238","124","techno"
"63352023-b915-4c23-bcbf-d1612553347f","2025-09-26","12","25","259","rock"
"1bda45a1-6632-4a9d-8a1f-b6b1ff41aa36","2026-01-05","10","80","414","pop"
"59917cfa-bb79-4ef9-9685-e8653ee50ea1","2026-05-27","3","416","173","electronica"
"13569f49-0f27-46f3-b53b-8092947a36d7","2026-01-05","9","64","122","reggaeton"
"ff7dc562-5f3f-4aa8-95ae-ece56c52c58f","2025-08-15","11","242","216","indie"
"bd2ea01d-dbee-413a-87eb-e3b634606daf","2025-11-18","2","92","354","jazz"
"d04aefaa-9ca0-4841-8afd-12cdaffec0c4","2025-07-04","6","115","253","techno"
"7bd47216-abb9-4337-a7d8-29552165808b","2026-05-01","22","159","215","rock"
"078cc1e9-83b8-41a5-9a28-03397c2077dc","2026-05-31","20","172","248","pop"
"08fc0b0b-d504-427c-8002-0fc00f951803","2026-03-26","9","221","39","electronica"
"f710014b-c7a3-4a18-9fa3-05f7a9e0fefc","2026-04-30","3","236","498","reggaeton"
"a993685e-f0a3-4203-abac-3ace61ea900f","2025-07-25","8","266","166","indie"
"2197a007-d5d9-4c29-a2d2-39e3f7565d99","2026-01-11","7","349","406","jazz"
"984009d5-a131-4d90-beef-fa1b11c88dea","2026-02-24","17","23","262","techno"
"cd681556-6212-477b-ae7d-0be076839488","2025-07-12","12","362","143","rock"
"d590d060-4ea5-4e4a-a135-c758d2f24a27","2026-03-08","4","489","57","pop"
"cc07f5ec-7414-40bb-a863-0544c0020166","2025-09-15","5","414","490","electronica"
"04ba2a85-05f5-48e1-8c79-266bde63be6f","2026-01-04","21","247","287","reggaeton"
"880b19ae-b3e1-477a-aa4d-d021aa02f0c3","2026-03-28","4","476","12","indie"
"9698a501-6029-4da6-b143-94e6dce80c0d","2026-04-20","6","289","391","jazz"
"213ecd5f-86e3-471d-9f3c-e95a190b96d0","2025-11-12","23","190","14","techno"
"4a719ee3-ca5e-46ed-a285-351d0fdc8b72","2025-11-02","10","92","275","rock"
"65257cc1-2edc-4ef8-962b-0a66ff430367","2026-01-27","8","152","223","pop"
"e34fe2f2-3025-462f-8085-82f76ecc442c","2026-04-01","3","62","102","electronica"
"f55f46ba-f1f6-42c3-9685-9bbc1f1fe157","2025-09-24","23","282","419","reggaeton"
"bc588801-35de-4786-9114-1460e9a1b9ee","2026-02-04","16","373","187","indie"
"83d57404-6b1f-4188-b31d-1d685a8ce387","2026-01-15","12","313","192","jazz"
"98db4040-c0d0-403d-96b3-d40b948aa053","2025-06-04","12","5","425","techno"
"968c5c9e-a455-45ef-a71a-6542b6fae9f9","2025-12-24","6","376","144","rock"
"a01aac68-9279-4d94-bc8d-76b6cce2d6f5","2025-06-14","15","68","194","pop"
"d391f354-082f-4f87-8364-45fcf4d61177","2025-11-20","12","159","206","electronica"
"099576fd-7aaf-4d18-aa01-1a8d940662e7","2025-06-02","2","171","241","reggaeton"
"4fc506a5-27e4-48e3-a9bb-a4fb812e58e3","2025-09-08","20","267","32","indie"
"c1defc97-7bcc-4971-8118-6f98aa31be27","2026-02-21","13","393","203","jazz"
"a915bb37-3c54-4da5-8257-9c8240833561","2025-11-12","11","475","248","techno"
"244cac17-0b45-4d37-b93b-f767e5540161","2025-12-04","3","437","281","rock"
"8bbff715-8ed6-4eba-addc-867f27fbcef8","2025-11-03","11","54","407","pop"
"7f3b1624-02bf-457a-abda-ff21a0154627","2025-10-19","2","150","317","electronica"
"dbf3d99e-9a3e-44c8-9186-af58ef7cafc2","2025-11-13","8","73","14","reggaeton"
"b699d84a-9723-449d-b2ee-db575afdde1a","2025-11-15","17","182","212","indie"
"d245762e-e867-498f-9c85-3d764b1fc9b1","2026-02-07","19","159","225","jazz"
"0310973f-1396-4082-8e2c-13ddffdac3e2","2026-04-09","10","119","49","techno"
"d0e3d9ee-eba6-47b1-8af9-1f7ffc6c782b","2025-08-27","17","65","156","rock"
"7ca5d978-2f43-4883-8f7f-e84aa7fcfd40","2025-07-11","17","487","127","pop"
"6a9c8b50-228a-4e93-9548-2a369282d937","2026-04-25","15","121","48","electronica"
"f4f205b0-afc2-4ef0-a5af-5bb65ece62b4","2026-05-02","6","305","248","reggaeton"
"3a6121b3-79c6-4f17-87f9-68876ae6f2db","2025-06-19","22","237","253","indie"
"f15623e2-63ac-4bed-96cf-cc525eb331ea","2025-08-23","10","381","137","jazz"
"b52609bf-f519-43eb-bfb3-e72d03248a1a","2025-09-15","18","388","185","techno"
"27bfb6be-e2e2-4d44-8c4f-3b11fe34b54d","2026-02-08","1","323","361","rock"
"1df44100-2c61-4506-bf82-bb3f9de260a3","2025-11-26","4","319","442","pop"
"f0cb3145-1a21-4dd2-9339-fbb8cdbc3104","2026-02-24","0","195","492","electronica"
"c8b863a6-66a8-4a91-8bbe-bf900f9f5f9e","2025-10-22","16","353","150","reggaeton"
"8a720959-92c5-4374-bfb8-dfb41016cf69","2026-02-14","14","162","35","indie"
"75ba2132-c267-4d33-ae09-f1fe4c85f67e","2025-08-10","13","73","305","jazz"
"2fa01159-b087-4a5a-bb80-2e5b75bc6a76","2026-01-21","16","299","439","techno"
"98a034c0-de22-4fd5-930f-a3531b28ddf4","2025-11-13","23","207","274","rock"
"d73695f3-31dd-4d64-9586-4c095cb3dfc7","2025-11-17","7","158","196","pop"
"8b47b19f-7129-4539-9306-2bff2b175e97","2026-02-05","2","487","472","electronica"
"8cde2b1d-4ca7-4d43-beb7-055a9e570d2b","2025-10-17","23","17","186","reggaeton"
"90569b91-5819-4366-addc-ee44600e0346","2025-09-22","4","443","419","indie"
"11de1b40-e7a8-4f68-9581-a0e30fe07f2b","2025-08-25","16","426","237","jazz"
"1ff5db76-4163-4968-acf2-0cac4c4b77bc","2026-05-25","0","297","45","techno"
"50704b85-6282-4fe3-a031-501a29330919","2026-04-09","7","288","241","rock"
"caac09ad-c142-4a4a-b9ca-f9a8e76e59b1","2026-05-31","11","433","46","pop"
"6ecbdefe-d07b-4658-8027-c7dbec3bf253","2025-11-12","19","482","277","electronica"
"35ae8059-1cfc-4612-a006-766145fa7f45","2026-02-01","18","126","487","reggaeton"
"3074257f-fdcb-4707-a4a3-8f99efde333e","2025-11-14","2","94","326","indie"
"0f2e2bbb-eaf6-444a-a4e2-5d259fe484f5","2026-01-02","1","366","468","jazz"
"d0400d83-ff7f-4ac8-9509-ac6dcdecabe8","2026-04-21","17","414","1","techno"
"443cd0df-eb62-4c47-82ff-8284cff826f9","2026-04-17","18","41","130","rock"
"ee57e992-8822-4313-95e7-0044a5215263","2026-01-16","14","229","234","pop"
"5d02f38d-da70-4428-a5ad-03c6ea247a9a","2025-07-04","4","266","72","electronica"
"49b150f1-7f0d-4870-98e4-5c01f5baf8f4","2026-01-17","18","442","151","reggaeton"
"0481ce58-7888-4ec7-98c2-8c8bb9ef55ec","2025-10-12","23","494","43","indie"
"f006f23a-0e26-4f68-b604-438c2703dd53","2025-07-08","18","392","253","jazz"
"e8453f83-3b8f-4198-89c0-399ee478a49b","2025-06-11","0","239","490","techno"
"56e01c59-176f-4832-9c7c-1c16c9664007","2025-06-10","6","231","354","rock"
"651702e1-a27c-4b55-895b-d040833cf6d1","2025-07-13","12","471","241","pop"
"be13eb9e-5dc1-4de0-841e-9ffd112c5e70","2026-02-17","12","180","162","electronica"
"cff5e695-2f40-4419-9a97-9e55c9248900","2025-09-29","16","480","379","reggaeton"
"599f5bc0-6951-4706-80eb-5e95fab4278e","2025-09-10","19","426","267","indie"
"98fd9d5a-5000-4c16-b05d-608d96717e59","2026-05-06","7","220","320","jazz"
"e76fa4d7-19bf-449b-a04f-fab35505e9cc","2025-10-17","15","398","19","techno"
"94aec4ad-76e2-44aa-a47d-cdc6aecd3ebc","2026-03-14","17","53","104","rock"
"0aa65b3e-4599-4336-aba4-5e57230e10c8","2026-03-15","12","113","132","pop"
"13fcb9e1-60e7-49fc-ba94-03f44f6719ea","2025-09-16","5","150","480","electronica"
"7590bcbf-1163-477a-a22c-e7f2d0ac1bcc","2026-02-13","10","238","321","reggaeton"
"9a953558-8c8a-48e9-8e10-5a6206c671ed","2025-09-23","12","111","413","indie"
"cdfaa395-27a1-494f-a4a4-42762fa419fd","2025-09-16","6","156","6","jazz"
"35210f4f-157a-4838-a5d0-7391739698b6","2025-08-04","5","457","34","techno"
"302c1b65-71c8-4cec-a6a2-d64658989e0b","2025-11-24","4","124","331","rock"
"66b22186-9232-4c25-b0d1-c8ec1cd7932e","2026-05-17","22","124","116","pop"
"916dc39b-55e0-49d4-8d48-3b97051d0cc9","2025-11-05","11","223","480","electronica"
"f4cc5d22-9e98-4038-af6f-3f3b68a86b56","2025-06-21","19","184","417","reggaeton"
"f2d8578a-2bad-4955-be3f-47726aa57388","2026-03-05","17","73","362","indie"
"b0eb259f-90ca-4280-83f4-8d2fbae12e78","2025-12-19","22","52","185","jazz"
"61731822-3696-436d-b34d-cd2b5278da8d","2026-01-27","16","484","423","techno"
"7ad450d5-556c-4469-8d11-f0822e71d9b5","2025-12-04","10","97","57","rock"
"af68271e-dbc0-414f-b7e1-b31680d456c5","2026-01-31","11","30","115","pop"
"b569887c-0cc3-4588-a2c8-af042c461532","2026-03-24","17","413","175","electronica"
"0103c3e1-fd77-408d-aaec-7d393014cccb","2025-07-23","12","267","265","reggaeton"
"4ead3f71-daf4-4c32-9fc6-b90d0ccf6bf5","2026-01-15","0","283","330","indie"
"84d2d74b-bff7-4e48-af2a-21874d30f767","2026-04-01","1","147","487","jazz"
"d95cf67e-fc4d-4664-a6d2-5d50846e9cb4","2025-11-09","12","178","491","techno"
"5b586714-d783-40a1-84d8-e5ec3c3f6ce5","2026-05-15","8","313","231","rock"
"16a79511-d307-4dee-8538-1c18dfe26c16","2025-11-27","14","266","487","pop"
"e0082a77-d3bc-454d-9d46-3b59656b4b07","2026-01-25","5","471","152","electronica"
"f6816c23-7d22-4fc9-8d50-99eff4b15ce9","2025-08-23","14","260","109","reggaeton"
"ecc9099e-d05c-46af-aa43-f37da8bdc0c8","2025-06-06","5","115","416","indie"
"0ede0572-0d5b-40e0-a4e5-c4e8787fdad8","2026-01-28","14","342","88","jazz"
"db81c9be-425c-4698-99d7-024ee00c1d42","2025-06-28","14","146","253","techno"
"900f4396-aec1-42b3-b290-077fcc274617","2026-01-12","9","423","476","rock"
"c6e807be-07aa-4e3a-80af-b1fe07694b17","2026-05-05","5","331","59","pop"
"2d7f7fc0-a887-4919-982e-0e7e785796ce","2026-05-14","18","253","472","electronica"
"12cdb19f-b8cc-44b1-937d-51f5149d493b","2025-10-12","18","361","165","reggaeton"
"6eb2f087-39be-4fae-812d-602a661166af","2026-04-28","12","302","168","indie"
"c83354b2-c3b6-4447-bc8e-55159f5186b6","2026-04-29","9","292","433","jazz"
"c4dee5aa-2027-4bb2-b971-9db7d08d02cd","2025-06-27","15","370","273","techno"
"a2a92c63-7000-472c-ac48-60dc117e87ca","2025-08-07","17","303","69","rock"
"d2d7319d-77df-48fa-8f6c-7f7cd69c2654","2026-05-01","7","293","486","pop"
"668a28a0-57f4-4dde-a234-f912cc3a1b9e","2025-08-14","17","364","413","electronica"
"879f9227-6d29-477d-8d17-3aa02834865d","2026-05-27","20","60","119","reggaeton"
"1b5fd9c8-4776-4a46-8c10-d13c51765d16","2025-08-04","22","138","84","indie"
"41d27196-0593-40fd-aa06-7f920d46802b","2025-11-27","13","230","69","jazz"
"cd115f9b-44ed-44c8-8d9f-d0cfd8de9051","2025-09-02","4","180","420","techno"
"19bb0baf-914c-483d-a5dd-788e5703ac3f","2026-05-22","1","469","419","rock"
"bcdbbb93-fbe3-46a0-a454-0dc068e0fa1c","2025-08-27","2","141","468","pop"
"b3b048c5-1170-4a2d-8a1a-7aab308cb3bc","2025-09-26","12","299","287","electronica"
"ac7f4340-cb14-4532-9e48-93379264ca21","2025-10-10","1","373","356","reggaeton"
"11e2c936-49bd-4c42-9bc1-1dd9a074359a","2026-03-09","1","34","115","indie"
"b4e357be-835b-4a01-a8ec-14ad9ddabd6b","2025-12-07","10","279","442","jazz"
"a8cff383-d705-414f-851e-a2de60c0ed67","2026-05-30","7","194","106","techno"
"4c62a724-cf9b-471a-a5ee-d2c88726e1ee","2025-08-08","6","170","2","rock"
"c90c91a2-c9d5-4838-b8c6-968d5cb7c9f2","2025-09-27","21","14","123","pop"
"f55ac6a9-4731-4610-8b44-e3cbfba8d95d","2025-06-15","4","434","266","electronica"
"3e254a67-58f5-495e-8207-8bb031313185","2026-04-27","21","181","415","reggaeton"
"774d22e8-fa33-485a-adac-0855bc57e5ff","2026-03-29","22","164","29","indie"
"9db31852-ed9f-4e83-aaf1-ff53297406bb","2025-10-22","16","23","139","jazz"
"1b1fcc35-e257-4303-891e-9db573295b0c","2026-01-16","3","153","309","techno"
"7b4cb80b-b1a7-42e3-b976-efa381905467","2026-05-10","11","223","250","rock"
"779b8933-4e7a-4cb1-8093-efe3da569e8a","2026-03-28","3","422","174","pop"
"42332179-616a-448b-9e75-da8b6a3e9a68","2026-04-26","13","392","260","electronica"
"67aa2c48-617a-4827-83f2-0f09a6d65f07","2025-10-06","15","46","169","reggaeton"
"fd5d9f63-1281-4bf9-8dbc-1c699bf7e8ba","2026-05-12","23","102","329","indie"
"de9a68ef-0ec3-4216-99f2-f1ab5efca10e","2025-08-02","14","319","388","jazz"
"01327100-a199-4c03-9ffa-6d60d8092951","2025-07-20","19","466","342","techno"
"02e4ec71-811a-4224-8b70-fcc385c59c2f","2025-06-09","20","41","77","rock"
"25b602d2-2a0e-4833-a2ee-d69063f409ff","2025-10-30","1","118","46","pop"
"7d42ae23-5998-4b24-ad8f-438f7a36945c","2026-03-12","7","301","460","electronica"
"29ae7906-6609-473b-894d-5384c96a349a","2025-06-20","6","473","415","reggaeton"
"ffc6671e-b50c-41fe-832e-0783f471f848","2026-01-22","5","483","139","indie"
"34bbe42d-c94b-4f3b-a4af-a2db19a31769","2026-05-05","19","47","18","jazz"
"96a46beb-35b8-4418-85af-43a948c8de3a","2025-06-16","3","230","444","techno"
"5e8df643-8d63-4909-b686-104fa854b83b","2025-07-01","6","386","496","rock"
"e9a1c965-a47f-4e0d-a5a1-fa0453bacd9d","2026-03-23","8","136","66","pop"
"36ebccae-5feb-45f2-8078-b5988e71a4b3","2026-04-15","19","382","254","electronica"
"cc94e057-31f7-415a-82bc-10e336afc290","2025-08-27","5","102","350","reggaeton"
"40cf1a79-8f0b-4bdd-9c27-fa71fd7dfa21","2026-03-06","8","345","94","indie"
"efd73cdf-d0ea-40f8-abb7-15f8edeb9965","2026-01-05","15","337","102","jazz"
"e51efc81-74dd-4077-97c7-ead10bd853b0","2026-03-11","21","111","441","techno"
"fb43704e-e416-464b-8f28-f65235c0262a","2026-04-11","17","466","262","rock"
"ad26ad78-c27d-43bf-98d8-b3181730946a","2026-03-23","15","341","315","pop"
"c38e4038-2bcb-49af-ab82-ce71bd8ac3d6","2026-02-28","18","302","427","electronica"
"bfc68e7c-504b-4bc4-b567-0eb085e7cb75","2025-11-19","2","122","379","reggaeton"
"8cf5fa92-f6dc-4dd3-b64d-912819c15665","2025-08-27","9","379","77","indie"
"7c59fc10-2598-4f0b-8781-446f2af9c61f","2026-05-11","9","491","366","jazz"
"0ce327c6-a2f5-4233-a2e9-c074cc87e8e4","2026-01-08","19","51","208","techno"
"01e595f2-fbdc-4ffa-ad58-82af220f10fe","2025-10-02","19","307","48","rock"
"466f7c73-b6d6-43ed-ad6d-62f239e51817","2025-11-12","20","169","147","pop"
"2666086b-6d45-41b9-a738-3df775e28f47","2026-04-30","22","422","134","electronica"
"0d671280-fed1-4e8b-948b-8acf2b5188f6","2025-09-01","18","129","326","reggaeton"
"a3877dd8-9852-4b69-a5d2-f2887860462a","2026-05-14","17","91","483","indie"
"46bba13d-a160-4050-879d-7255fd66a784","2026-01-21","16","298","340","jazz"
"5acff2ec-bad4-4b18-b006-f1970518d6a4","2026-05-27","1","157","10","techno"
"b97533a3-9a5f-4e07-832d-8ad286abca9e","2025-10-07","5","393","358","rock"
"186288b7-5f29-47a3-80de-59386c112745","2026-02-06","0","199","223","pop"
"5004c516-aba0-4fa5-89a7-035c9b3f8169","2025-10-04","6","150","358","electronica"
"0de2aaa7-0fbb-4c33-916e-4e045388b084","2025-10-07","2","346","281","reggaeton"
"f257fe4d-a742-4539-8fe8-8f8c6bed77a4","2025-06-13","18","373","462","indie"
"17321f4c-8db5-495c-80b1-b05c7c8b522f","2025-12-26","4","474","0","jazz"
"0ff3fea7-6098-4879-9756-87ef90efaf35","2026-05-17","19","357","469","techno"
"70e227fa-295d-42b6-b247-9a232f9d2bd5","2025-10-31","14","460","471","rock"
"5965c6d1-c0ca-4267-916d-ce6bda132a2a","2025-12-24","14","70","366","pop"
"7df8d03d-cd1d-45cb-a4e0-fec154e87bcd","2025-12-05","19","331","400","electronica"
"191c2e99-9c7b-429b-9381-f76861d04f6d","2025-09-30","21","69","117","reggaeton"
"a4c593b3-2d15-451a-8b27-33de0a45abf5","2025-08-31","3","190","79","indie"
"2d967df2-bc2d-4a67-ab92-146222b5b1f4","2025-11-24","4","218","456","jazz"
"1c094ec2-1824-4c03-ba05-93f056fc5d12","2026-05-03","15","469","334","techno"
"2a109f0a-1ba7-4cf9-9f1e-5e3205cf8200","2026-03-06","12","85","156","rock"
"0431e752-052a-4bee-8178-14395f761b7a","2026-01-17","21","172","132","pop"
"dac463ae-0ac9-4b37-b640-e7362869d230","2026-03-22","2","180","367","electronica"
"27c274bf-8286-4be2-bfad-f513f5b625c2","2026-05-18","2","309","450","reggaeton"
"f37c3ae2-988c-4854-81f2-191bef4d14e2","2026-02-03","8","27","267","indie"
"9ca847cd-912c-44c5-85a1-3ed724e90644","2025-11-14","11","302","253","jazz"
"b189ddb2-c45f-4995-8adc-8ca6b5dc3929","2025-09-26","13","96","422","techno"
"de71f2dc-5f46-4fc0-8b06-b76085a3e239","2025-07-27","22","262","318","rock"
"a2e47ab2-7e64-438b-8bcf-e81b78d9b259","2026-03-12","22","167","225","pop"
"26badb88-fd06-4362-91ab-6cbc6d8705dc","2026-05-28","19","122","134","electronica"
"158fe220-0dc9-4b79-a342-a38274cf47e3","2025-12-16","8","408","3","reggaeton"
"d61c44f8-2676-4996-828b-8faea1d3dc20","2026-02-27","16","37","296","indie"
"8f569c49-26a1-4a18-9d6b-451f5fd686a1","2025-08-08","10","79","406","jazz"
"e33eea5f-aff0-4664-8e97-5c80943ea5c2","2026-03-13","14","398","177","techno"
"3456a17f-a417-4fa7-a0ca-f3304e0c9431","2026-03-31","16","100","208","rock"
"66cceb8a-3b95-4b8c-9820-41dafea4e36a","2025-10-23","6","3","228","pop"
"7367dc0f-dfcb-4f72-b396-f160b987fbde","2025-10-28","15","206","48","electronica"
"93accbb2-2207-40fa-aabf-7482cf7cdd76","2025-07-05","20","353","269","reggaeton"
"7b0a14b2-9b4e-437b-9d93-b76f5f4bebf5","2025-12-12","13","84","413","indie"
"0932549e-d873-4085-8bf8-3d403c492d7e","2025-06-24","8","463","216","jazz"
"da1ff5b9-90ac-4bbd-9b5f-6787c3a5c5ba","2026-02-04","23","234","398","techno"
"06ce8ad0-0d91-4447-9151-b044ddd766f1","2026-05-22","17","362","83","rock"
"28be0721-18a2-4e84-9ebe-c39418aad127","2026-02-04","7","298","356","pop"
"c08ae7e4-3af0-4448-838f-0f4ebc5f7c19","2025-11-12","23","429","483","electronica"
"a7b1af78-0551-44a3-8536-db4d864b142b","2026-05-24","1","326","372","reggaeton"
"d237e1df-605c-4c19-8789-6a85c61e21a4","2025-09-16","21","475","181","indie"
"0e746fd5-1d12-46e6-a864-254c976b42e2","2026-04-23","9","288","149","jazz"
"84c79eb4-42c5-44b9-863b-76a62daf3e41","2026-04-03","22","58","158","techno"
"ce819d6f-5e34-452f-be12-a03f79827fe3","2025-11-10","23","26","80","rock"
"39377062-ef07-472b-b78e-eb378498fb84","2025-11-06","5","397","458","pop"
"b0fed8a6-66b2-4efc-8193-7fd4890745ef","2025-10-12","22","423","211","electronica"
"11743f38-2587-4943-b4ba-433d1cf5be78","2025-10-19","19","227","378","reggaeton"
"b8d17de7-c998-412d-9d17-609d92021c85","2026-05-23","17","361","431","indie"
"4ecc4b76-e244-47c4-beb4-1d0bdc6844c9","2026-05-05","23","130","224","jazz"
"4c5fe64f-d0c2-4379-b64b-406764f99164","2026-04-08","10","473","320","techno"
"1a19db16-3fee-4864-bd0f-5695e5614ee9","2025-10-14","12","376","301","rock"
"04fbd478-7745-4569-a20c-faad8b95b322","2025-09-14","9","349","305","pop"
"0983785c-c403-4173-bf23-df3666908166","2026-01-20","16","38","417","electronica"
"3c5fdf9a-55bb-4c0d-9603-4ed786bb5d8c","2026-05-30","7","183","55","reggaeton"
"cbebf4e0-511e-4d3d-8a42-b1afc6d9c308","2025-07-28","4","402","383","indie"
"f309f6c6-e254-4344-9c3d-be8f0e044d57","2025-11-01","22","121","383","jazz"
"2d63f196-bb14-45b3-b435-42055c211635","2026-05-11","22","273","253","techno"
"b1f417f7-55d7-4721-8b08-754fe9a5c90b","2025-07-09","13","415","296","rock"
"3f190780-3d47-4fe1-aa65-e3ad5e8abbb7","2025-07-31","10","490","386","pop"
"2bfa3cc0-24dd-4a99-a4c6-5e142f3fe7f2","2025-06-21","22","139","206","electronica"
"f79e4723-53cd-4362-bb44-93a0ac479f97","2025-06-13","12","55","150","reggaeton"
"063b0e91-f49b-4163-9d16-80fee11686b6","2025-07-01","6","451","310","indie"
"d3f888b3-a62f-4f02-9a7f-06d7f504712d","2025-06-26","2","194","317","jazz"
"4b032790-fdfb-4bc8-82f8-5293bc826664","2026-04-07","5","240","24","techno"
"49c4b7c2-33af-4f24-84a5-b5a39d365ba8","2026-01-27","8","71","74","rock"
"ce3c7270-2e8b-4f32-a8d4-a176fb31b41b","2025-11-02","15","186","103","pop"
"b1735308-bda2-4cc1-9d43-8429ded10028","2025-08-19","5","469","468","electronica"
"08369f78-49fb-42cf-9ebf-838d77b3c40e","2025-08-26","2","431","340","reggaeton"
"e1a762c1-8435-4608-9cdf-2f07e5316681","2026-01-24","21","294","408","indie"
"de023e7e-cc21-4006-88ad-9bb80e0b6bc4","2025-09-06","2","66","419","jazz"
"3f6e2468-6f9b-4409-9327-ab2d6513f3a1","2026-02-03","1","500","109","techno"
"d3d47fe7-67f7-4365-8ffe-f8418aed6135","2025-11-06","12","110","448","rock"
"cc8b21db-71ba-433d-9c6f-204f84f84390","2025-06-14","20","372","340","pop"
"b1db10bb-6055-4337-99d1-76d75a6cf66c","2025-11-29","17","273","1","electronica"
"954cfc46-6c04-4314-a870-88285307389f","2025-07-08","14","225","164","reggaeton"
"0b039110-fca7-4424-a4de-c7ca8f30804d","2025-12-10","5","485","170","indie"
"f67b32c2-1dbf-4b3d-aec9-ea5e5ca46c5b","2025-11-27","7","450","25","jazz"
"8a8c3c1a-6ceb-4da3-91d0-4f4ff65ec18f","2025-10-18","15","399","11","techno"
"448fe6cf-64b1-4977-bdc2-0c1f974d7044","2025-09-07","8","74","441","rock"
"f9913d21-47b8-4671-9193-623db8baaf28","2026-01-05","22","370","444","pop"
"9a1d23e0-d5c0-4b03-8938-c520a933bccb","2025-11-21","3","435","256","electronica"
"1be54ce2-b980-4e30-8256-f6c028f23ab8","2026-01-21","12","89","463","reggaeton"
"ab56d47e-bb15-4ecb-822d-2552b46384e2","2026-02-03","22","54","155","indie"
"c72bb9a7-a6ac-4989-b2af-37d32c7fd67d","2025-06-22","7","249","487","jazz"
"9332a863-a607-4bed-ac87-6245d0c8b45d","2025-10-24","7","428","128","techno"
"8f371fcc-6057-472e-bcfe-9067dfa1dfb7","2025-08-06","2","222","62","rock"
"e40747df-8918-4809-af3d-fc92dd9e56c2","2026-05-11","6","344","218","pop"
"c1c71141-4bda-4d53-b803-40b5c24a4f55","2025-06-10","3","57","270","electronica"
"7dda11a5-85aa-43e1-8cdc-ea90b39c9369","2025-07-04","3","69","395","reggaeton"
"be954200-8eda-47d4-96a8-0696ea9bf2c3","2025-07-16","2","289","179","indie"
"99116ace-2d78-40b1-92c1-900b226d7a7a","2025-12-25","20","29","374","jazz"
"8eb4005b-306d-4170-888d-49028a22f095","2026-03-29","3","435","472","techno"
"6c42a4fb-57fa-4a52-81da-221319bca937","2026-05-24","23","330","132","rock"
"54e47302-033b-4c2e-930e-bd6581a62549","2026-05-24","23","338","96","pop"
"95f5ad42-f090-4457-91ed-4a08a4fde41b","2025-07-15","19","450","381","electronica"
"efec01f6-86d1-41f8-a0a6-cb3860cd4866","2026-02-18","19","95","152","reggaeton"
"5ba0fded-1944-4cbd-a2ae-a8bd3c81980c","2025-06-18","19","340","133","indie"
"d4862998-f2ea-43fa-81e0-09bf4aec1bdf","2025-12-31","7","92","330","jazz"
"883b5875-056b-4c2a-a88d-5cd99517863b","2025-06-26","21","96","220","techno"
"fe4b926d-0054-44a1-8d73-556f8cf6617a","2025-12-24","20","91","194","rock"
"4c24b471-fbec-40c4-8e53-46920b034096","2025-10-25","17","93","253","pop"
"5a1b9adf-2493-4d95-bdfe-7d3509148659","2026-01-19","22","262","98","electronica"
"37fa0dbb-fee2-43b4-8bef-346f18f6c578","2025-09-21","16","479","486","reggaeton"
"f6bdca88-7937-44f3-a989-32b79b3c065c","2025-09-07","7","397","92","indie"
"1662e945-e6e6-4879-9c9e-74b4f437cbd6","2026-05-31","1","470","452","jazz"
"e9bd5f66-0150-45ff-88fe-580babc28a10","2025-09-04","10","112","375","techno"
"6bb3f78f-4ad9-452e-b600-286a94e1c301","2026-05-16","1","91","2","rock"
"50e7260c-cd3a-4ea3-851a-4c11ee3e511c","2025-08-15","10","387","321","pop"
"ea5ca6cf-d6bc-41b3-b003-0761c41c5d32","2025-08-21","12","187","346","electronica"
"2c0b02e5-243a-48f1-816b-a1366a14b5f1","2026-04-30","20","254","16","reggaeton"
"76ea3cb5-d5b1-4d3e-8489-9d525e7bcdc6","2026-02-23","12","464","226","indie"
"ba254f4d-7b9c-476e-a4eb-cc28c72765fa","2026-05-26","13","5","379","jazz"
"2f56504f-9020-4e3c-bb36-5a5d716cf276","2025-06-02","22","304","420","techno"
"47876244-3762-425e-821c-1526f799d958","2025-12-01","5","388","6","rock"
"7d91d747-6084-4573-a52b-c5d19b5d3609","2026-03-28","12","71","414","pop"
"3813aa01-149e-45a6-8fa5-fe47648bb79c","2025-06-09","17","216","323","electronica"
"fce60989-75d8-4eb0-85a9-9b0efd4a2d6b","2026-03-29","4","302","22","reggaeton"
"1d434300-ecb5-464b-b69b-09db4608cff0","2025-12-26","11","63","83","indie"
"1c798544-31cf-4667-a6fd-1b72d691f329","2025-10-11","4","453","228","jazz"
"acf82011-10c5-47e6-8e3c-3f89d88a4f96","2026-05-01","20","185","98","techno"
"6a710b7e-d536-42cb-97c6-897f78d5110d","2025-11-04","23","291","216","rock"
"a1c629b0-ad97-4e99-9e9a-250586fe7d59","2025-10-15","19","384","17","pop"
"a62181d7-dc6f-45a7-8301-7d38c00778ef","2026-05-15","22","73","213","electronica"
"722de5b5-9030-49b7-8ae5-ddae99b2614b","2026-04-29","6","171","24","reggaeton"
"dff9e3d0-d066-4ce9-83c4-b249bed49fb5","2025-10-14","1","103","496","indie"
"5ed03824-1baf-4138-9b7f-aa7a2e77ef31","2026-05-31","5","352","273","jazz"
"d340ac6c-7406-4b6b-87cc-b8a10c907f70","2025-10-10","21","390","326","techno"
"ce79f2e8-5b7d-4bf1-a478-5118bbf04cf2","2025-12-20","15","96","134","rock"
"5b6fc621-359b-44c6-ad9c-966e71a67773","2025-11-25","10","225","99","pop"
"eb1f3e18-a2ef-4361-8bae-d87d99ba550d","2025-08-08","5","368","499","electronica"
"1822d2f1-d4de-48ca-951b-3143e97b3708","2026-03-21","2","303","142","reggaeton"
"a691cae1-a5e5-4cd9-8213-a8a5029531b4","2026-01-09","20","93","32","indie"
"db128088-3cff-489b-a7d6-1f48c5d552dd","2026-04-24","23","233","106","jazz"
"d216c44e-d898-4125-a892-3437dbc628dd","2025-07-08","19","459","149","techno"
"5997f0f9-ae3c-4601-a369-709e4d4db4e5","2026-05-23","4","15","177","rock"
"fc249787-33d7-4a2d-a258-02c99a570a05","2026-04-11","10","124","483","pop"
"ad9704f2-4a37-4d08-b766-94137f0f143b","2025-12-25","18","429","161","electronica"
"251dc278-5ec7-4c4c-bc2f-c6674d26bc79","2026-02-13","21","399","11","reggaeton"
"36f9fb03-1946-4ded-830a-332c176d2461","2025-10-13","2","160","12","indie"
"f78692eb-69cb-4ec8-bbde-0811f35be1c0","2025-08-09","16","455","259","jazz"
"f3d78ed3-0d91-4e4d-8513-642e93c78b71","2025-06-27","20","460","223","techno"
"692aae68-153a-47a3-ac6f-13b5d8b941ff","2026-01-22","1","495","217","rock"
"b7bcf4ef-c272-4bab-90c5-a9e3b4670b85","2026-02-09","23","374","159","pop"
"200f6dd6-8813-401d-99ba-eee54fe12f30","2025-12-05","23","423","434","electronica"
"2e6b005f-1c0f-43ab-9e13-4852611d6701","2026-03-31","14","0","120","reggaeton"
"7c6ba300-c3a1-4943-bede-0244d41fe530","2025-11-28","1","294","190","indie"
"a2ad5a8b-3c09-4a83-9021-fa806b750595","2025-12-24","15","121","96","jazz"
"b7b5dabc-bf1b-48ce-a7d1-b7f264beaa01","2026-01-11","10","202","269","techno"
"f232a054-8cd3-4fe7-b321-e48c1b87059c","2025-11-22","13","68","93","rock"
"152c5e57-bc67-42fe-ba07-7fab4c431871","2026-02-17","18","220","473","pop"
"f71b1f58-d1ab-443b-b06c-a9569d9b1c68","2026-04-08","8","297","247","electronica"
"96052356-fb09-4fe3-9346-fbb0ceb1c058","2026-01-14","5","141","180","reggaeton"
"cda21027-761b-49fa-a32d-5dcee2c864e6","2025-06-04","19","214","0","indie"
"8b22aa04-92b8-4b91-9495-ce8100c11916","2025-08-29","8","77","99","jazz"
"7e9edb4c-c8a0-443a-aa6d-eb2e2e2c9601","2026-01-22","9","368","116","techno"
"47365fac-b101-418f-bc45-08c57326c6f5","2026-04-02","15","199","276","rock"
"3960f485-b77c-405f-9e19-b6ec38c4b1d2","2025-12-08","7","291","276","pop"
"eb035ae7-0c80-4f43-b9dc-d0e6cdbee87f","2025-09-01","7","482","128","electronica"
"83a6b0b4-94c0-432a-a352-4808c5181e8a","2026-01-24","8","92","122","reggaeton"
"ea171560-4bc8-4bb4-8d2b-cf5fb6562219","2026-03-02","19","393","253","indie"
"29cef7c0-f7b4-4d4f-a113-8ddd65d74929","2025-06-12","20","271","313","jazz"
"7e3e51c9-583c-425c-8ba3-bdc4916e9c9c","2025-08-22","20","151","38","techno"
"cb60aecf-fc5b-4354-ad96-be35211eb535","2025-08-04","9","326","223","rock"
"35301502-9714-48b4-b37e-1bd8e1cb9e72","2026-05-21","9","26","186","pop"
"c647bdec-6c6b-4cc4-8452-bdd569032c1a","2026-02-18","21","455","237","electronica"
"523341a3-fa38-464d-813a-a2fc9530df96","2026-01-14","16","452","135","reggaeton"
"f072592c-8924-49d7-ad86-d4a30e862ff3","2025-09-16","0","58","388","indie"
"ed3cdbb3-c11d-4bcd-a456-e239dec3a8f6","2025-12-01","10","353","69","jazz"
"6763950b-f1f1-4a27-865f-48ac1ada6056","2026-02-28","17","112","279","techno"
"df5a1348-62e0-4bb2-8216-1ec16e48cb79","2025-06-10","3","480","241","rock"
"6dcdeb05-8d60-43f2-a1b8-9b06822d8dcf","2025-12-17","1","28","446","pop"
"20e43374-a361-4883-9b38-fe2ff6ae20c2","2026-02-10","11","152","230","electronica"
"474389e7-5ba6-4e63-8ead-17ec12a89efe","2025-11-22","10","171","404","reggaeton"
"61eb0d27-2a4c-46cd-8a0e-f414c8a258df","2026-03-07","14","494","303","indie"
"901b4814-18c1-4e55-b738-7930535a7ef9","2025-08-20","15","6","379","jazz"
"bdd9e6d1-371a-4b05-87ff-df3f2f2ba94e","2025-08-13","17","400","112","techno"
"6695ee50-6898-4cf7-bf5a-185d281be22c","2025-09-30","0","81","275","rock"
"83eb1ff5-e658-4882-9a72-89855712f963","2025-11-17","17","397","404","pop"
"6c8e1e97-b0a1-470f-a4ff-26ce2d1f8e59","2026-01-19","2","265","53","electronica"
"49573616-056f-4009-a793-67191b283124","2026-05-10","12","293","244","reggaeton"
"cb0bc9e3-c1a8-4576-9cc7-2442a9aece23","2025-08-15","17","185","441","indie"
"895cb29c-af86-401a-b2f5-7445fc980f8c","2026-01-26","15","76","476","jazz"
"fe881364-2cb0-4d68-9176-77f9a354c542","2025-10-04","12","106","226","techno"
"8e2647a2-67f8-4ba2-88d5-1c91ee2451dd","2026-03-28","3","59","257","rock"
"21536c63-944b-48e0-8078-95cfe19f5996","2025-08-12","22","211","39","pop"
"783cda7e-7acf-41e9-bdd6-a2ee3e838682","2026-04-09","3","477","251","electronica"
"7410a34d-0d7c-4f84-baca-0e5e9a81c490","2026-02-20","15","62","441","reggaeton"
"baab60f9-a235-4872-ba46-b4c8c3c49700","2025-10-09","16","236","413","indie"
"59a78631-1615-461e-be7d-37cbfd98e8dd","2025-08-05","9","428","14","jazz"
"7cee8a74-361f-4775-a243-5b1e998e809f","2025-12-29","6","477","394","techno"
"1c54dc00-41c9-4a94-8074-9d4f8f27ab50","2025-12-25","15","325","388","rock"
"9d09b91e-1b67-4e08-8f83-f60d041b88c8","2025-07-17","19","8","185","pop"
"de70192d-8e73-4feb-a9b0-7dffe4bde552","2026-04-03","14","479","236","electronica"
"a669d885-dcc3-4084-b40b-3e929b72ab28","2025-06-03","19","96","363","reggaeton"
"cf988edf-f6ab-458a-8756-30473697254e","2026-04-19","13","284","310","indie"
"9d7ae7d9-66a9-4a0a-8970-f8ed76b10d5b","2026-02-05","6","198","257","jazz"
"4662f478-2d7f-4dfc-9f82-ca2fcaec63a9","2025-11-24","22","185","473","techno"
"83973f53-f1ee-4221-8962-f60b7e1dc2f5","2026-05-31","8","323","21","rock"
"9bc1fbf1-3f96-4d2a-9b5a-9ab83e3f5e61","2025-08-10","4","53","321","pop"
"39839024-d25c-48ec-83a7-62c2481940b3","2025-10-07","13","37","404","electronica"
"e0e99b00-9e8f-42fa-84d4-14efb74f1d72","2026-05-09","19","241","412","reggaeton"
"f362c4b9-61f5-4269-b538-4e2fdf9bc032","2025-06-23","9","223","207","indie"
"39e67c3d-e8c1-450f-902e-d76799cde8cf","2025-10-01","13","487","251","jazz"
"bf8c931e-d657-4bb5-a63f-7c3f55342712","2026-02-09","15","155","47","techno"
"f73a2895-ae2e-41a5-aeb1-015cd5e35325","2025-12-14","5","431","462","rock"
"7ebe8f36-9c13-4085-b1b5-f93161d6c347","2025-07-04","14","473","337","pop"
"d253eba7-a216-4b72-9076-218a480b5827","2026-02-16","8","482","210","electronica"
"8adcd53c-8da8-4dde-b93e-1ceb5c88794e","2026-04-03","4","107","116","reggaeton"
"53d74d0d-c5a1-4b6e-beb1-ad0d2971dc71","2025-09-29","9","371","137","indie"
"4515f10b-88e2-4d5e-86f9-b553a95a187f","2025-12-11","22","120","39","jazz"
"a223a2be-b4a9-44f2-9dd1-35f933ce45e7","2025-09-10","22","387","66","techno"
"32112a13-004e-42d1-9a8d-8a2047bcbfcf","2026-03-14","11","380","15","rock"
"5256ced4-aac4-4576-b05b-f6f2e4571469","2025-07-15","19","330","147","pop"
"212dd8c9-3ca4-4dbb-8656-b14f2b7d0e28","2025-07-27","14","355","324","electronica"
"ebca0da3-242a-4aa4-9b0c-31b6e0f2e1a8","2025-12-01","21","205","369","reggaeton"
"35cd4c82-d801-4e76-8738-98264c4e2559","2026-02-20","10","242","486","indie"
"13cde6e5-ab4e-4e54-83b9-b2e4781bb708","2025-07-19","7","180","449","jazz"
"df9e0e33-f4ad-4a0f-b0c1-2f7a6e3e83e5","2026-01-13","20","97","66","techno"
"ba4c3848-b08e-435a-ba8d-08d653bebe4d","2025-11-06","1","442","149","rock"
"88d27aab-0fc6-4435-86c2-47eec9a9bfa3","2026-04-14","15","339","352","pop"
"85a9e0d9-c486-41a0-a228-0f13249d830d","2025-08-01","12","400","384","electronica"
"94cfce16-cc8e-4787-8802-9b13116fa966","2025-07-12","8","211","276","reggaeton"
"4dda4201-8fa5-4f54-8b37-5081a33cefa2","2025-07-04","23","327","334","indie"
"2a80b200-720a-4529-8d88-3eed16970d53","2026-04-01","15","333","171","jazz"
"6e523535-ce7b-457e-aebd-e1b3b46c5149","2026-02-05","23","303","390","techno"
"f72ef5c6-e3b9-439a-8d0e-a9cf69cfbe6c","2026-04-12","9","455","460","rock"
"61e904c7-d86e-43d5-aaf7-0e9c9d13d358","2025-11-13","10","195","249","pop"
"da18c661-a04f-4d0a-9836-ffc82c290ae3","2025-08-15","0","79","110","electronica"
"7b1ee4e4-ab5b-4af9-9980-a63cb983e4bf","2025-06-18","14","282","281","reggaeton"
"4d8b76d6-3f3f-40c5-a857-df19c6d00ed8","2025-10-05","15","389","482","indie"
"b752150d-e0a3-40cc-a3bf-6fb83f888bd3","2025-08-18","20","414","90","jazz"
"31337c25-d1e5-448c-b4d8-f16f1975035e","2026-01-26","16","317","428","techno"
"36e79b67-8843-479a-99bf-b2092296ae16","2026-01-23","14","164","194","rock"
"724fed8f-1367-432f-b7b9-9494cca6c8ac","2025-08-29","16","484","313","pop"
"84bfde7d-7424-4930-a549-978dafeb4672","2026-03-30","20","214","299","electronica"
"e11e7884-be8a-4ec2-8ebb-ff520d2ccd87","2025-08-15","23","402","290","reggaeton"
"a12c8ba3-bbc0-4ed7-9da2-e295dd402732","2025-12-30","1","112","269","indie"
"fb727b44-7e0c-4964-97cc-b017741dc1a7","2025-06-18","10","232","429","jazz"
"a7f5253f-dd49-413f-8f51-38c8f2db2bf5","2025-11-09","6","422","447","techno"
"680999df-8c7b-4c12-a3f3-ffffee436775","2026-05-27","22","421","380","rock"
"d65ca32d-a692-46ef-ad1e-1e2d47439ec2","2025-10-25","18","279","103","pop"
"bb6d2855-96a9-40f6-923d-ffbbc478435a","2026-01-18","5","287","421","electronica"
"e7ac46f5-6c3e-4cd9-8b8d-d7eeef1a03f1","2025-10-11","11","340","150","reggaeton"
"64f400fa-5187-4499-9ff8-afb013312ec6","2025-07-12","7","115","290","indie"
"d14de57f-59ce-49d2-9a17-17c655050d68","2026-03-03","23","164","494","jazz"
"4314714f-1658-4cd3-9300-e7b02d3e8f92","2025-11-17","7","116","76","techno"
"e630faab-67fb-46ec-9094-f7ff4da96cf4","2025-07-05","19","43","499","rock"
"5ab81736-fa4a-4937-b428-81d434d955fe","2026-03-20","15","271","393","pop"
"a6c634fb-fcea-47ad-bacb-5a2544b60100","2025-06-10","22","305","68","electronica"
"e756d4c0-e1be-42e7-9ba8-9fd92648d961","2025-10-25","7","131","179","reggaeton"
"5cf798ee-5ed6-4f9c-8f6a-433a8cd37086","2026-04-12","1","318","295","indie"
"b47f9fc1-5b8d-422e-82a2-0dd0637dadc3","2026-03-25","11","477","5","jazz"
"bf29ee5f-6400-416d-9d48-d133c8f0da0e","2025-09-10","11","31","188","techno"
"dd0eceec-88da-4680-be05-256ad960b455","2025-12-31","10","96","307","rock"
"f08ba839-a983-4c9e-9409-20f840cd667c","2026-03-07","0","92","116","pop"
"cc467479-88e9-4024-8e88-1993aa89c551","2025-11-09","10","95","110","electronica"
"c5c19166-16bf-410e-9793-abc86fef21e6","2026-02-06","17","94","44","reggaeton"
"83017838-fdab-4f9a-b0b3-5293512e0903","2025-11-12","13","63","324","indie"
"06f9dde7-f4d1-4e49-8f88-3bd3d113cf07","2026-01-09","18","130","73","jazz"
"6c25b451-2a6b-4f9f-aa7c-589008234892","2026-01-03","8","103","209","techno"
"d198df54-6c1c-41d8-ba41-49f2fc761619","2025-09-06","22","429","297","rock"
"59bd806a-36bf-45cf-9573-68bc17c8c839","2025-06-17","0","154","400","pop"
"9b4b74a1-9bb4-4c72-a884-a9d84ce1a14e","2025-12-30","14","3","260","electronica"
"0ebe9fbb-5560-4f2f-ac2f-2888c7325666","2026-03-09","6","215","18","reggaeton"
"2a26cc0e-b119-4458-818d-e874b909ad62","2025-10-20","17","108","205","indie"
"1d089a71-9792-419b-a06a-a6b0199f7976","2025-10-23","14","127","209","jazz"
"b964deb7-4bd6-45f9-8d7b-31521297a83c","2025-08-04","1","8","32","techno"
"4dc94950-949a-4f24-9168-cb716f22e757","2025-06-24","4","250","461","rock"
"d2d5029c-f18d-4a40-873b-4fc6bf22ab5e","2025-08-26","14","310","342","pop"
"bd77e073-ed60-4d1c-b1c3-6de255bc1f8c","2026-03-25","1","83","294","electronica"
"4859324f-c3ad-4769-ad1e-f7b1bca418e6","2026-01-12","4","158","357","reggaeton"
"067a4d85-ba42-48f9-a9b4-b740f618054b","2026-05-03","2","408","347","indie"
"28a5b670-03bb-44e0-9c8d-4762e4da61aa","2025-07-13","18","37","75","jazz"
"4c486c30-5bfe-4b9a-8474-90194cd9a8a7","2026-02-03","16","302","267","techno"
"ab74a5d2-8a7a-47f5-9189-cbb3db8a870e","2025-09-05","14","498","401","rock"
"4ed0e8d9-0099-4524-be3c-988b8d441e66","2026-03-30","23","112","125","pop"
"7ddee909-7546-4d02-b7b1-fa959c48de13","2025-07-04","20","164","179","electronica"
"9f57f379-b0b8-4dea-b4a9-5f60dcc4c62b","2026-01-03","2","488","254","reggaeton"
"663f5d09-c465-4378-a808-445a02c5d4d0","2026-03-23","6","378","470","indie"
"effee985-99a5-480d-b954-cdaab7bf6876","2026-01-20","2","440","166","jazz"
"24ce95a9-8f45-46dc-9378-600f781988c9","2025-07-16","7","75","431","techno"
"07af518a-d856-4dc7-903d-b353b2f40c86","2025-11-27","1","239","450","rock"
"42ae9969-2e21-4bd9-92c6-f9db5d25dbd6","2026-04-13","3","63","114","pop"
"1643a301-c20e-4fce-bed4-dfa6388747c2","2025-07-21","6","343","117","electronica"
"39d2b85d-d2a6-4cc5-86a5-f111628429eb","2026-01-15","9","445","431","reggaeton"
"8fad281f-05f8-40d6-9a5f-fc7caad88870","2025-08-13","11","114","5","indie"
"3534a733-54ab-4d0f-8298-d990f3914a2a","2025-06-12","13","36","298","jazz"
"2e9d66a5-b3ac-4ac1-8d08-72ac9904fc1b","2025-09-28","15","421","253","techno"
"4945e251-b64d-4d98-b29b-6a61b0a4d8f5","2026-05-31","13","194","157","rock"
"563ce44c-1661-42b7-96d5-e1753d75abd1","2025-06-02","1","371","215","pop"
"c4a03885-0f01-4951-8f16-543e8665fa53","2026-05-22","20","336","152","electronica"
"99c316fe-09cd-469c-8f6c-b2fdffca9565","2026-04-19","9","413","461","reggaeton"
"97421b97-b928-45cd-961c-10e110d641f3","2026-01-17","7","122","289","indie"
"7693af9b-1b47-4df2-999c-1c6ef88c4f6d","2025-12-30","7","238","148","jazz"
"34a3b6cb-f5e5-468b-8d1f-b552385d6961","2025-10-24","8","148","140","techno"
"36514db6-caa0-4a8c-9d3a-550822a20ecd","2026-05-05","5","169","499","rock"
"90ac8536-cc23-4865-a087-638cc5a93e5c","2026-03-02","15","407","33","pop"
"d926032f-db36-4592-b057-d3eceffda14c","2026-02-16","9","135","413","electronica"
"6e0db4ee-6898-43b0-815a-4665ada3cb61","2026-03-26","20","311","365","reggaeton"
"e91b420e-2ce4-4961-8182-86c9b725efe0","2025-11-10","16","213","377","indie"
"18539fe3-2aba-494f-8d93-2883518b71db","2026-03-30","11","215","91","jazz"
"cc6df9ee-effc-4de5-8129-0baceb37d745","2025-08-12","8","132","252","techno"
"d451d8a6-b565-4e8b-9641-be4fa64fcdaf","2026-05-15","8","371","52","rock"
"c2af83a7-b598-4ca4-94ff-1e00c4ef03f3","2026-05-14","18","322","174","pop"
"e4315757-d539-48b3-a51d-8564bcfe04c5","2026-04-06","8","178","131","electronica"
"0127c81c-b582-40cc-b2bc-91fb46804f1d","2026-05-21","16","439","154","reggaeton"
"effbac47-8e8f-48f2-b6bf-40dfda09a9b0","2025-10-20","6","446","461","indie"
"cb7ff9e9-15e5-43c7-bc84-368b9b8f0e15","2025-11-30","8","165","407","jazz"
"6babc510-9fd0-4717-8e10-a676adadff52","2025-06-23","18","327","41","techno"
"1a0c830b-2557-4fca-9d3d-5e3598515de8","2025-11-05","1","303","201","rock"
"f811d13d-4e3a-46bf-897f-ae16f422fd4e","2025-08-04","14","283","362","pop"
"07574ade-4814-4a5f-bd81-ecb1c21f2332","2025-07-02","1","461","119","electronica"
"059e42ba-e74e-4d67-bd4c-e9a64350f51f","2025-11-23","12","202","305","reggaeton"
"4bc5f849-102a-4fe9-af1e-6254209becd6","2025-06-01","22","256","496","indie"
"1e9de9a2-b3e7-4879-96c0-0f31de277ae4","2026-02-04","8","488","183","jazz"
"965d65aa-1382-41ef-94a8-9b6e8c9c210f","2026-03-05","11","223","293","techno"
"8c579c16-8755-4f08-ba1a-2834d72a3496","2026-02-03","9","0","240","rock"
"9c4a0ecd-ac71-4803-bedb-4f78cde28d26","2025-08-28","15","18","157","pop"
"a52e8e12-da8b-4c79-a70f-0933c523da67","2026-01-16","18","79","234","electronica"
"43f102de-6bdd-4be7-9765-da18f2945882","2026-03-10","13","220","261","reggaeton"
"bcf334f6-ee2a-420a-adda-000368e2858c","2026-01-07","4","203","223","indie"
"817e9fda-56a8-42f0-a31c-e25ab723a712","2025-09-22","3","52","487","jazz"
"ef9492af-c717-45b5-9d52-29b0f6b2bf0c","2025-10-24","9","479","25","techno"
"1469c85f-73a9-48b6-a239-6469ee28cfd7","2026-01-13","8","471","420","rock"
"1fdbadfa-00ba-4113-87ca-9d80b3224333","2026-04-24","8","241","267","pop"
"5c1345d3-eb5f-4624-8a67-1230be533fea","2026-02-06","11","67","301","electronica"
"fb56b30c-d5e8-4c1d-8007-6b3105371878","2026-01-15","8","248","68","reggaeton"
"f86b0b60-4418-4b0f-8857-189cef248664","2025-06-22","20","115","318","indie"
"d59c984e-dfd5-4a7b-a8a5-da4440c20dc8","2025-07-31","23","64","42","jazz"
"53d7192b-55a9-44ed-9873-656cae45483a","2025-06-10","4","426","299","techno"
"44c302c9-b608-4bca-ac08-09cd6de82add","2026-04-18","8","18","393","rock"
"8a5bd43c-fc67-44a0-98b4-ba0f97a80e24","2025-11-18","4","470","461","pop"
"b574a6e4-4e2d-412f-b097-f736afb63580","2025-10-20","21","353","172","electronica"
"29c73a68-0c27-472d-ac64-9c8727d16558","2026-04-05","22","460","261","reggaeton"
"940fe894-1a32-44dc-8050-7e126ad5b5ae","2026-05-01","13","151","83","indie"
"103adfce-74f6-4662-81e1-0a25b3fcba85","2025-07-25","0","224","360","jazz"
"5028c0b3-d51b-4cf3-9da6-3cce2abfdd0a","2025-09-14","23","285","118","techno"
"90aaa8e1-fab0-4d69-a566-49c573b982c8","2025-10-27","1","314","72","rock"
"b5084264-68c8-4a81-908e-a369de3b0f49","2025-07-13","8","432","430","pop"
"5ebc1743-4bd6-444d-b5d3-9b04a465d98d","2025-11-30","13","321","410","electronica"
"2cee5c6a-0974-4525-ad27-d4e2b6f22b0e","2026-02-21","7","471","188","reggaeton"
"ac905bfa-b8cd-40cb-98d9-7226caf4567d","2025-11-27","1","190","389","indie"
"f141b451-7b76-4cbb-b58a-495f8f0f3c41","2026-04-26","8","270","237","jazz"
"932e6d5c-37f2-4d2b-a5e5-a00d6819a9ed","2025-06-05","9","425","305","techno"
"de1324e1-7299-4532-a2cb-3bf2e9d03c52","2025-07-19","9","57","21","rock"
"6748f8f9-92f9-49ed-8406-0acbc25c343b","2025-08-12","15","162","402","pop"
"a62c8f9b-6b9d-4055-86bd-f5c704a6aa52","2026-03-15","22","273","332","electronica"
"391469e2-4128-4bf2-8f68-9030106dd90c","2026-05-23","23","393","121","reggaeton"
"306957fa-ccec-49f5-9157-38b0d40f1b4d","2026-05-24","19","261","259","indie"
"7dae8640-43e8-4a6c-b581-19cd6f8a6018","2025-06-07","14","140","243","jazz"
"649d5e6a-f1d9-4179-98ff-30c4413d64a6","2026-01-12","11","187","51","techno"
"b76c45bb-85ce-4c17-8002-50cb3c9af6e5","2025-09-06","22","151","398","rock"
"4290ee6c-fbc2-4f3e-ab2c-c8fe1527c043","2025-09-07","14","279","390","pop"
"637859c4-407e-4f43-9174-78cb71e22cd2","2026-02-07","4","214","488","electronica"
"4d408733-af6b-4a26-bab7-9e1960f1c2f4","2026-04-11","8","194","268","reggaeton"
"d6b1a360-5f0c-4ed4-b1ca-3184c8271ec5","2026-03-12","23","125","339","indie"
"4aad9d1c-a5d2-4463-9758-e03656f76405","2025-12-19","19","222","255","jazz"
"57f3ca3b-b6e8-4164-aa04-d01a5450c5c5","2025-06-15","6","481","434","techno"
"e3501c25-f17f-4b7a-b013-8f538c4e2b2b","2026-05-25","13","229","366","rock"
"4b48ba7a-adc7-4963-bfba-202515184056","2025-12-31","20","208","452","pop"
"662c7151-f1a2-4398-a1ea-93a4f5974dcc","2025-08-11","20","4","321","electronica"
"db271aaa-cec0-4716-b306-187fd2d01890","2025-12-30","7","192","409","reggaeton"
"b186a0e0-6622-4adb-9fcc-b331b0e7c2c1","2025-12-12","5","280","127","indie"
"8b438fde-a59d-4560-9cba-b1a05202da5b","2025-09-20","3","422","173","jazz"
"6d5c5ef3-b422-4d13-9fdb-1f75818d197a","2025-07-16","11","374","141","techno"
"441873fe-e056-48e0-838c-4fb2effbd6fb","2026-05-21","13","430","328","rock"
"ca335d74-31e9-404d-a6e6-0ae6970f991d","2026-02-10","18","465","217","pop"
"15b3fd23-bbc8-43b3-9344-b1c36ffd061a","2026-03-03","4","296","52","electronica"
"55f7d26e-e31e-4da7-87c0-01cf0b44bfc2","2025-11-03","5","261","55","reggaeton"
"ad8d2cf5-a3ac-4833-ba0a-f1d6c3d0098d","2025-12-08","0","0","208","indie"
"056fed2c-3308-4684-98ea-7a422a971073","2025-09-03","10","162","86","jazz"
"ddf2d2fc-9f6b-4bf3-965c-1c1502fb0bc0","2026-02-19","18","299","293","techno"
"9fcc55e1-9f3d-40c9-ba46-39a54cf75272","2025-08-03","19","85","50","rock"
"66563233-3875-4c34-8ee7-90cb5727b4d1","2026-04-23","17","188","476","pop"
"aaf74fc4-0deb-4598-aa23-05202c852c23","2025-10-13","16","238","257","electronica"
"cfe9fd53-18c5-48d8-a783-dd8e28859b27","2026-02-26","10","171","194","reggaeton"
"1951bfc8-66e2-4ce8-acf0-cefd559a2310","2025-12-25","11","462","317","indie"
"c3f51d14-6852-4abf-b406-0616e7f84415","2026-05-02","3","231","413","jazz"
"437e73a0-5beb-4546-b811-92184a260dc1","2025-06-05","15","379","79","techno"
"b0ec270e-645f-4c5a-855f-790a5c474981","2025-12-09","22","386","59","rock"
"93401869-d67c-4ca3-946a-f802378ceb66","2026-01-20","15","492","167","pop"
"6fe674fc-78f0-4292-a289-db95858e433a","2025-08-26","10","352","379","electronica"
"cb18f223-45de-4a1a-a5fc-938a3b4bbfd4","2025-08-13","11","456","454","reggaeton"
"51cd531e-073a-49e8-8f43-cf19924e47eb","2025-08-18","15","471","279","indie"
"ecb480af-a8b9-4c01-aa94-b66a1b1bcfce","2026-03-27","19","209","331","jazz"
"768fb346-f11e-42db-a4a3-c945836fdc6d","2025-08-15","4","493","425","techno"
"c796fa25-ba9e-4ce2-a5ea-35fddda111d2","2026-02-09","10","285","6","rock"
"642a0c77-5221-407d-b6f9-0c640b51a76f","2025-12-26","11","429","293","pop"
"3ff79b85-85b1-4670-8524-738229e182fc","2026-02-15","1","27","196","electronica"
"d5a12cd9-8724-47df-a17b-4fd2ecb9d282","2025-07-07","9","199","416","reggaeton"
"184ab30f-2861-4b40-a873-0bc59dd6d176","2025-10-07","21","410","230","indie"
"e99546e9-616e-48b8-ac10-a3d83296f10a","2025-10-13","18","492","464","jazz"
"133d522d-c668-417f-9a98-edc5561993c6","2026-04-02","9","312","465","techno"
"e857c224-6b18-4a0a-9263-5ed41544f161","2025-06-26","5","148","63","rock"
"f16d5600-3fd8-4cfd-adbc-98f79871d83b","2025-06-28","8","264","378","pop"
"c5a77358-94a4-4e05-a6c9-bf97cfba4794","2025-07-22","18","87","200","electronica"
"69f0c252-cfeb-49d2-9743-5d155a8bada8","2025-10-29","20","14","193","reggaeton"
"9648ea05-3b4d-4c9b-9c48-11cb5752c959","2026-05-25","3","267","12","indie"
"3d1c12cc-55aa-4ed0-bf9e-00d7550615b9","2026-05-14","0","303","264","jazz"
"7859702a-3cfb-48ee-bd16-372b8f226ea7","2025-09-19","10","479","414","techno"
"e1862c44-90ca-40c0-8d66-3425a29b2164","2026-02-23","11","360","46","rock"
"1d0d36fd-9333-4e33-978f-5e5981bc23ad","2025-07-19","17","120","72","pop"
"71ae0657-e0fe-4000-bbd9-852c7d61e8c2","2025-07-12","3","105","116","electronica"
"93dd3a08-5284-4c4d-8f53-94ce638c2de1","2025-11-21","1","37","457","reggaeton"
"87f083e7-f48a-45c7-bac4-37baf93ae5d3","2026-02-17","12","301","177","indie"
"5d3d4a6e-c51c-4fe2-9faf-be225e550431","2026-04-04","12","236","97","jazz"
"162b8370-ef1c-43bd-958d-f7ff31378c96","2026-05-20","3","493","41","techno"
"8b96e6a7-b9df-472e-8a3e-66b18a9db65a","2025-10-07","21","80","28","rock"
"fd8ef2be-c8f4-451d-9b56-ac937cde78e7","2025-11-30","11","280","141","pop"
"f06eeae2-469a-46cc-a3c6-a36959664ba5","2025-10-11","15","164","480","electronica"
"3eeff80a-f701-41a3-adbd-5940c02419f2","2026-03-20","14","123","18","reggaeton"
"dd52ddf7-e5b2-4728-9542-a29b23d31e03","2026-01-23","20","15","267","indie"
"91929a9c-5e08-4d1e-98c9-dcb778261b53","2025-12-11","18","400","117","jazz"
"b47116e0-32e9-481b-92b7-66a452aa1a41","2025-10-04","12","58","222","techno"
"fc53cab3-72dd-407e-94b1-3a334eb60040","2025-12-19","17","91","380","rock"
"1af64283-12dc-4914-bc3c-04c2fefbe815","2026-05-18","3","292","155","pop"
"102147c3-f48e-4437-85e8-d9cc9256d460","2026-05-30","17","23","401","electronica"
"41427a78-64cb-4004-9f8c-e06504616326","2026-04-24","2","341","231","reggaeton"
"8ac62ac3-b678-4bb1-ad17-66a3a98c56b8","2026-01-11","7","384","461","indie"
"e6818ca5-fda4-4af3-b7d6-5fe3c8beacc9","2025-11-01","7","238","387","jazz"
"ae1b67ac-5819-4c59-882c-264f358b2aee","2025-10-15","11","191","417","techno"
"564eebfc-6c40-43f9-92a4-a179f8ff56a9","2025-11-19","13","73","259","rock"
"aa8e9759-8475-4c17-89fa-b8ba3244ea0d","2026-01-31","0","185","130","pop"
"f884378e-4ca9-4e95-991b-331421ff6d3f","2025-11-24","18","71","302","electronica"
"ff65573e-ace4-4bbe-a8fa-a2875bf8fdf3","2026-03-25","21","455","154","reggaeton"
"767dfb12-9cf0-480c-820e-0714a6f66143","2026-02-26","9","495","336","indie"
"eb057a6d-1722-4da5-a493-b8a0859eeba4","2025-07-08","8","470","155","jazz"
"04fa8b04-f5a4-4f1d-b4a8-a64c3d39a44c","2025-09-10","14","200","477","techno"
"8b0d16ae-2341-446f-beb6-a624ee4b1e04","2025-09-18","12","314","373","rock"
"fead222d-9d35-4a06-ac55-b01a20f7dcb9","2025-11-18","9","23","287","pop"
"a1cc886b-7295-4eae-8159-0d883a222039","2026-02-18","15","79","127","electronica"
"bd2f7fdf-602b-45ec-9883-c685ed125ed2","2026-05-06","11","370","110","reggaeton"
"dfc0ff7e-110b-439d-a732-b6563f5a20ea","2025-12-18","2","301","114","indie"
"d8a021f5-c907-44c0-a0d8-2d6c5f9e3cc9","2025-06-03","20","50","349","jazz"
"5a044429-4657-4959-bfcd-e891c6199800","2025-06-02","12","389","298","techno"
"78f5fdab-2b74-4b60-b7db-7325984ed922","2025-09-08","15","172","248","rock"
"87946bf0-4908-495e-ab5d-3d57a04cecb4","2025-06-03","21","305","341","pop"
"a713309f-3139-4acb-b68f-49a5d4e2c98e","2026-01-15","20","463","207","electronica"
"be0783e9-1625-4f9d-a30a-0994cc2ef0dd","2025-09-20","17","265","33","reggaeton"
"f254f6e5-c125-4a10-ba08-113e78e336ab","2025-11-02","3","203","201","indie"
"80ded411-c2b3-4f49-919b-78a2cf64e7dd","2026-05-20","6","45","270","jazz"
"7f8fe54b-fdcb-49eb-86b0-eb140560faff","2025-06-08","21","289","48","techno"
"a58ab599-61ce-4760-9e58-62f2c8c17f39","2025-09-08","7","351","413","rock"
"fd064949-1fbf-408e-8893-86cafd7e4f73","2025-06-27","16","238","406","pop"
"76f74a78-9d95-4fd5-ab64-78d2ac5e1974","2026-01-15","14","171","110","electronica"
"58f9493d-b2bf-4a74-94b7-34cb97755c81","2025-06-04","0","479","309","reggaeton"
"40618371-2a7f-429e-bbe3-b362de3949ed","2025-08-31","21","310","327","indie"
"a664eb65-352a-410a-8d84-81a2f4ce6264","2025-07-16","21","50","45","jazz"
"9dd239ac-f5a0-4e49-a3ef-f5f41df8943d","2025-08-05","10","193","428","techno"
"72164f6c-3877-43fc-96fe-6b6b1bcd57f5","2025-12-11","3","110","175","rock"
"1a576d0d-c043-4cfe-8e77-4d07e2df6cb3","2026-05-01","0","412","89","pop"
"24d88610-c938-4731-be2a-5572f898f762","2026-04-19","7","267","151","electronica"
"118d5177-eeda-4474-b4b7-cbdceedb8c45","2026-05-23","6","478","419","reggaeton"
"942b5da8-3e1d-4574-be75-bfba470e1172","2026-05-20","3","371","480","indie"
"7ab36976-510d-4314-8e35-a90799a4d64d","2025-10-16","18","462","89","jazz"
"735aac95-1de6-445a-9499-3e59d3fb6630","2026-04-30","19","264","332","techno"
"1a286cc4-7793-45b0-8612-29a5b46762be","2025-12-06","2","118","80","rock"
"72ae2b2d-a1c6-4365-97aa-e90e40b4448d","2026-03-21","0","218","179","pop"
"04d804c2-4a1e-4fcc-a3e3-f1ebe2382765","2026-02-26","19","225","141","electronica"
"31ee0df0-fb40-4944-9dae-da25a661965f","2026-03-10","13","313","351","reggaeton"
"fab129b1-67a0-4807-ad96-5ae3a8d265fb","2025-06-26","10","489","108","indie"
"619668ef-e2ca-430c-a114-84fa4f022205","2026-05-26","8","44","395","jazz"
"18a8fbae-e639-4214-9159-b86bc7b7afaf","2025-09-29","13","326","486","techno"
"d7e6ba62-30a5-47c6-8d21-36cd7b99201d","2026-05-30","21","354","86","rock"
"bcbbaa0c-0695-4784-bc11-e75367992e92","2025-09-11","5","133","262","pop"
"82602417-7780-4063-9779-2786dfe60d89","2026-05-07","10","54","28","electronica"
"88f54817-eb87-4809-91e7-f1a21aa45c7b","2025-12-28","21","95","395","reggaeton"
"9679124d-c9c5-45d2-8f83-0ecc9d741716","2025-07-22","6","172","427","indie"
"09ab74f8-6fa8-495f-bb57-4ebb314303eb","2026-01-18","6","333","33","jazz"
"4b214ce5-89ee-4c8e-9280-8bd79a8ebec0","2026-04-16","3","186","219","techno"
"2f4d2605-d817-423a-b728-241e90b9d93f","2026-04-05","23","309","387","rock"
"a4132798-7714-4be2-aff3-7ca53bbb4d79","2025-08-21","16","265","112","pop"
"5c353269-73a6-4241-b993-0f94e2750ccc","2025-08-27","15","247","55","electronica"
"e4e615fa-c0b1-4fa5-a11b-ed572e5969d2","2026-03-02","22","206","33","reggaeton"
"55d720f8-2166-4cdf-8167-347b0da5409e","2025-08-22","3","486","127","indie"
"5f6db23b-05ba-48c9-87a0-67be7cd45877","2025-06-25","6","179","284","jazz"
"d38df5bf-7651-44d9-8e65-02b84abd3da7","2025-09-24","20","278","405","techno"
"df3574f5-269f-405e-ae4f-0f70a055ba2b","2026-01-29","0","161","128","rock"
"4d0c96db-7097-4b09-8920-75343fc461f7","2025-09-01","19","402","478","pop"
"b8ae8113-e66e-4d35-a384-4c121ef2a270","2025-06-05","11","383","377","electronica"
"4796a502-cc72-470b-8359-c9d1f702dd02","2025-11-03","22","85","395","reggaeton"
"a429775a-3759-4c9f-8b9f-648153d0b236","2026-03-08","1","30","72","indie"
"fd6addc9-9a8e-4be1-b19f-f365a3a39bcd","2026-05-21","15","100","418","jazz"
"7f7e7ea8-2144-4554-8217-b8967176b0b5","2026-05-30","12","424","98","techno"
"d57c8617-2886-4df1-934d-78ddbfd42da8","2025-08-19","2","460","337","rock"
"d355767a-f7ec-46a6-a617-d37eeed55114","2026-01-29","21","283","281","pop"
"47dd93f9-20c6-4130-9170-20553b3e73db","2025-06-12","4","55","214","electronica"
"ea0e19e8-7edb-4690-bf86-27ae0856ffe2","2026-02-20","1","414","81","reggaeton"
"23c1b58a-6657-482f-b581-717615fd0fbe","2025-08-20","12","258","452","indie"
"9ae5bbe4-788c-4483-a806-6af684548143","2025-11-10","3","168","331","jazz"
"0f9b9e79-8891-4e82-bdb9-2d2133b1006a","2026-04-20","10","496","210","techno"
"f8e9e96d-bd35-4cbe-83d3-1dbfe6a8a59d","2026-02-06","22","315","52","rock"
"4b402291-7b40-43af-b996-50dac8b58848","2025-07-21","5","424","12","pop"
"2ca5d59b-0791-42b5-9e2d-62cb8d249550","2025-08-28","23","177","78","electronica"
"e5b5b8bc-9cb3-4e6e-b8a5-755073d5f657","2026-01-08","17","345","184","reggaeton"
"ec9e7870-3f37-42d4-a38f-3728e9600fa9","2025-12-14","5","86","420","indie"
"61969709-8795-4f1f-a0b1-6bd7bd607f9b","2025-07-05","4","237","349","jazz"
"801c1a66-d402-4d7d-a26b-e37e9eb09f0c","2025-11-18","16","233","338","techno"
"9ce3541a-8827-4d3d-8da3-6444783f1f06","2025-10-23","3","462","84","rock"
"bfbdf8b9-2f0d-48d8-a679-68c2909d5a90","2025-06-25","10","463","192","pop"
"baeadece-ca80-4007-80cb-67d839111c67","2025-06-09","15","50","262","electronica"
"6b786c13-5928-435d-b230-2901abef025f","2025-10-22","6","386","381","reggaeton"
"1b94eff0-6da7-4632-ad93-f96b0a60a33d","2025-08-12","12","170","54","indie"
"f0970261-99c8-4189-b48d-f67f913333ce","2025-07-28","3","401","340","jazz"
"9ab5dfdb-86f5-420d-a883-42862d75e055","2025-07-25","14","68","276","techno"
"75f5e105-70ba-41bd-8404-376ef85ae854","2025-08-07","20","354","392","rock"
"c594aa16-7cce-4387-9b2a-4c4c74231fed","2025-08-26","0","305","337","pop"
"d188fbfc-c273-4379-a34a-84ad4d1ae726","2026-01-31","4","17","157","electronica"
"bf161c94-4faf-4b5e-ab92-0dad41f3bdbf","2025-06-06","3","350","294","reggaeton"
"92ac38fa-1235-47ca-a261-4cc3973f8a03","2025-11-11","13","295","48","indie"
"d4566377-6571-4b70-9963-0143cbaca5c5","2026-05-22","7","234","246","jazz"
"cc3f1066-e7b5-4779-99aa-cf6ee99235a9","2025-08-24","5","427","302","techno"
"637b5384-138c-45cc-8bb8-f11c731db44d","2026-02-06","11","124","319","rock"
"6c227a69-008b-488b-a549-39f8c5fa9bef","2025-07-15","17","228","309","pop"
"66b60e80-c5a1-458d-ba9c-56eae3102070","2025-06-14","17","401","154","electronica"
"0c755048-cae4-40ba-bae2-5fdc7f567227","2026-05-04","0","425","23","reggaeton"
"95fe82fc-a3f7-4570-9bcd-4059c480ffa3","2026-01-30","23","185","37","indie"
"3fd64b86-28da-4b1f-b810-c54e445ca81d","2026-02-01","15","45","180","jazz"
"dfa976f9-21c3-4f11-b7bd-4150bf5409c1","2026-05-08","5","331","354","techno"
"c68d0521-68a8-4615-b94a-c0aa6357c720","2026-01-14","8","446","159","rock"
"792f9b59-fe47-4707-b13a-a43e8a8706e0","2025-07-08","1","368","126","pop"
"f93d49e1-c7ed-4a09-b926-cb350ab56dfb","2025-10-10","16","236","391","electronica"
"a5a29ffd-89c6-4cae-bd13-95fd4b951445","2025-12-28","1","29","132","reggaeton"
"bcea2954-c3fe-4210-8599-01471758aa54","2026-04-06","17","472","291","indie"
"b20e2045-c6ee-445e-9601-eb1fea79a7ea","2026-04-14","11","219","485","jazz"
"0d83fb6d-67ee-4d29-be9b-19b9a01199f2","2025-08-06","3","31","149","techno"
"ea2106b2-b0d7-4049-8b39-e638590e34cb","2026-05-12","8","449","225","rock"
"a10ad556-8af6-42a6-8f9b-59924b3237fb","2025-10-20","21","54","21","pop"
"4483d1e3-d3dc-4ae8-9494-21c84a1edf9d","2025-12-10","7","442","318","electronica"
"33c9f17f-10cb-4acb-8b1f-a40ecd5e398f","2026-01-03","21","489","351","reggaeton"
"9a067c3f-0b62-4d9c-99bd-5e5bb045f947","2026-01-19","20","111","488","indie"
"e08060c1-86a6-4f82-9bf0-94c236d27dec","2026-05-27","18","20","181","jazz"
"8d5978b9-d762-46bc-8452-ecf9330ba62c","2025-08-24","15","371","491","techno"
"44501523-b428-4ec2-9147-42427b5ad107","2026-03-24","3","469","228","rock"
"702fcee1-0ccf-4bbf-ba27-770d0511d96d","2025-12-27","5","106","113","pop"
"d95b1bf3-32bc-4ac1-ac92-537b647c2eed","2026-01-15","5","226","42","electronica"
"a2a3de2a-d4b6-4590-b62a-d88179c2f9d5","2025-06-26","22","15","166","reggaeton"
"2b0ed97f-4deb-499c-91b9-eab20635465c","2026-04-27","21","129","272","indie"
"99c40a31-e4ad-4d81-beb3-4ff2887b814c","2025-08-10","5","136","5","jazz"
"77a3d05d-7f98-4709-9747-5568d4117080","2026-03-28","2","12","329","techno"
"64349f7c-99b8-4186-a7f6-18bd9afce248","2025-06-01","19","392","317","rock"
"8a66c023-efc9-4d4e-b9dc-ea3b766c5030","2025-12-09","13","410","118","pop"
"fd048d7c-5c92-4278-a873-452c656adbf0","2025-08-26","23","261","68","electronica"
"c32905bc-ea56-4230-bb01-19147627daf1","2025-07-31","10","221","489","reggaeton"
"33c0a20a-d794-4eb0-9316-5ea0c3531b31","2025-07-09","15","170","423","indie"
"0cfc2fc0-0f89-47ae-a72c-a2f8dbf7a00e","2025-12-28","18","440","310","jazz"
"fa2a58f6-d17b-4091-9f14-9c98aae771c0","2026-05-24","17","407","463","techno"
"48ec63f8-b449-4643-a8f3-301c35541a73","2026-01-30","0","149","452","rock"
"e19b8843-c81f-460d-9646-d38722472fdd","2026-03-31","21","34","53","pop"
"fe28fd0d-b3ef-4d8d-9f39-5a8490141279","2025-10-03","20","29","416","electronica"
"b528f18b-bb55-4be6-853b-db8266f98068","2025-12-25","5","32","64","reggaeton"
"6beea061-0541-42f1-b7b0-f67584dcc622","2025-09-29","8","329","349","indie"
"ace4809b-fdf8-4a04-bdb9-47a4736ad235","2026-01-26","13","398","106","jazz"
"1a23ef7b-a911-4bde-84df-46021738afe1","2026-05-17","22","456","203","techno"
"bc65d51f-f51a-4041-a343-2f22b39d1e41","2026-02-28","11","362","208","rock"
"5bbfd273-aeb2-43bc-aa02-c145425d1089","2025-10-09","3","287","149","pop"
"614c299e-bde5-4fab-815a-26051f1b67a6","2026-02-05","23","5","428","electronica"
"bcd4e3b0-6ce5-4c74-9acb-b066bd4a4a1f","2026-04-12","1","280","471","reggaeton"
"3b7b0a9b-b696-4cab-87a3-a75bb32ab742","2025-10-05","1","139","8","indie"
"33fe736e-9ed7-44f4-9d4b-874249c711df","2025-09-02","13","282","401","jazz"
"3ae3bd9a-c715-49a1-9ae6-a496fd2d9716","2026-05-27","21","436","395","techno"
"9bb0f353-69b6-4396-930b-18741e31150a","2025-12-29","0","281","274","rock"
"862114af-c67e-477d-a293-f775b2128dab","2026-03-18","21","357","382","pop"
"60a4bf14-4fa1-4448-abaf-270ec98768a5","2025-11-13","5","160","314","electronica"
"f45e51fa-9de3-4b98-b3b0-204737a01612","2026-02-28","3","277","78","reggaeton"
"5a6d433b-f3e1-4c24-a094-16b121dcb6b7","2025-10-22","20","154","122","indie"
"65fff779-a8cf-4801-8bbb-4ddd4732670a","2025-07-20","18","383","229","jazz"
"af55dc91-b35e-42c6-b26f-6832d9126720","2026-03-25","17","266","150","techno"
"c613f60b-3fab-4ff4-9d7f-9b601af535b2","2025-10-12","2","266","335","rock"
"9a1252d3-2b14-49c3-80c0-c20f07542732","2025-11-28","17","285","25","pop"
"e651fffe-04f7-4149-8a47-944d95804f73","2026-04-22","10","436","329","electronica"
"38fcccd3-e834-40ef-bf6b-261f329b3c0b","2025-11-11","0","315","22","reggaeton"
"785619cf-00bb-4b8d-9cb8-e02c2cd3784e","2025-12-04","19","188","28","indie"
"363623e3-2298-4d57-8aa5-a68a0a0084cc","2025-07-24","18","160","217","jazz"
"c93e475d-11f1-427a-837e-b53726b6f39e","2025-12-12","15","384","71","techno"
"bb833c40-1185-4152-b5ab-eef3b0b430a8","2025-10-05","19","38","103","rock"
"5110e3ad-2bc6-4b1a-a813-7856697906da","2025-12-30","20","132","339","pop"
"d1be0371-21d1-40bb-ae78-f2580910dba0","2025-10-09","13","149","417","electronica"
"5ed433d6-8e4b-4bda-917e-037170714fd9","2026-04-09","21","356","171","reggaeton"
"a3d37bcb-6fd9-4ed0-9a9f-93a714cbba62","2026-03-30","16","411","332","indie"
"d8d81afe-0ef3-4c2e-977d-ebf46dd36374","2026-03-03","20","139","461","jazz"
"81df48e8-d540-4b69-97d6-c8dcc3be86a3","2025-10-15","13","331","285","techno"
"81d0316b-3478-43e6-81dd-7096b5130c83","2025-10-10","17","326","126","rock"
"ee3317fb-5bd1-4cce-b32f-5e45ff142df2","2026-05-15","13","306","148","pop"
"312c61b4-b4fa-45f9-b3d4-690b33a4820d","2025-07-06","18","16","301","electronica"
"59877012-678f-416c-a7df-dc2dbb2525bc","2025-06-14","20","303","392","reggaeton"
"d796136a-97ac-4955-b745-9ef6559cb8e5","2025-08-31","9","82","197","indie"
"03145f6b-0318-4eba-97ce-b9bd04a11d23","2025-07-02","8","183","147","jazz"
"eb0d7ffb-112d-4c78-b6d8-cb0c5a072871","2025-10-08","12","195","331","techno"
"8c139f1f-acd9-4065-be8d-f9b240019cd1","2026-03-18","20","239","266","rock"
"f36f5224-1e6e-445d-9d1e-1711245388c6","2025-12-18","11","384","153","pop"
"7613f2e3-8247-4b93-9ad0-cdfcebcbb5a4","2025-11-21","17","301","90","electronica"
"05ede8aa-056a-43c5-89d4-0cbefe0abe08","2025-09-09","4","368","117","reggaeton"
"609d1b9a-5088-4070-8a2c-e154ad866e0a","2025-06-20","3","83","411","indie"
"a4a5dcf9-89ca-405a-b87f-8850d79eae9c","2026-01-15","19","179","267","jazz"
"1211e858-53aa-427e-86c1-cb338be7385a","2025-11-21","18","45","289","techno"
"302fc2d2-4b85-47d4-8a2d-9798f12a083a","2025-08-02","0","111","432","rock"
"27c50703-8a55-4e36-93d1-ff71c86289c9","2025-08-11","16","46","176","pop"
"d70cd145-60d0-4fc3-a989-4f6475f08b47","2026-03-03","12","434","382","electronica"
"e197e6e1-4f3a-42e2-bfc7-824a29fbf93c","2026-05-05","7","156","288","reggaeton"
"8825bcdc-bcf8-4cc8-b763-6d05332142a9","2026-04-29","6","186","416","indie"
"f2ecbd98-989a-4037-92a6-bcfdda1431d2","2025-09-11","21","210","61","jazz"
"3795d90e-bbff-490f-b9e5-77c35c94b76e","2025-10-14","23","113","318","techno"
"21ba38df-4611-4ef8-aa2b-f9748248f8e9","2026-02-13","14","389","122","rock"
"73caf074-0eda-4bdb-90cd-8ea8644c1779","2026-04-08","10","11","195","pop"
"1d535047-2a29-489e-b107-ee105ed1d3de","2026-02-17","12","327","326","electronica"
"aa1f15b3-ed6e-439f-8f54-3199f3068615","2025-09-16","12","91","496","reggaeton"
"2064b813-7f68-4e2a-9b1b-e245179f3215","2025-06-06","18","493","21","indie"
"f86f44ea-0492-4d33-93cd-073de500270b","2026-05-19","9","482","132","jazz"
"e884cb72-3dd9-446d-9dcd-3503d6f0fef7","2025-12-01","5","0","478","techno"
"1b9f39a1-5cfb-4011-86b7-c753c7f40b75","2025-09-27","5","106","86","rock"
"b9d45ac4-5831-4581-b5b9-68eb4021635d","2025-12-06","16","83","65","pop"
"aac7c2cd-af03-4188-9357-7e2f5944db71","2025-07-26","4","497","283","electronica"
"0194f2b7-bfa2-429a-9686-953688246b63","2025-08-05","15","477","234","reggaeton"
"6ec207ff-d48c-4470-8f15-62daada3dcec","2025-12-02","16","76","202","indie"
"136a5e60-8192-4f49-aa46-c75cb2ff6db6","2025-10-07","21","338","389","jazz"
"fe00fb87-1810-4690-8111-46f5f7715bdb","2025-09-23","20","316","65","techno"
"51e86bad-bff3-49bf-8651-b7a150bb1916","2026-03-06","5","326","29","rock"
"f236aa52-66bf-4b15-b8c9-e9389637b0ce","2025-11-21","7","301","18","pop"
"a3d84299-9755-4678-9fc6-d0ce59a6539e","2025-08-18","20","350","364","electronica"
"cf77578a-50ab-4d53-a152-9f618cbfb240","2025-09-06","0","124","481","reggaeton"
"cab8b9fc-12dd-4247-8a47-f4d1f1d26a5b","2026-02-05","9","288","284","indie"
"5d292b79-089c-4166-9abc-c490086b61ec","2025-09-19","8","284","313","jazz"
"8c617628-ea63-4bd2-a7a3-295d34f782ee","2025-09-30","0","291","12","techno"
"94564a20-aafb-4b10-b140-10be4a5056ff","2026-01-31","19","265","148","rock"
"b8d5d3a8-ce85-442e-9ff5-ed588f6ae2bc","2026-05-24","17","343","159","pop"
"a7b1e90c-ed74-46f2-9b79-163682df365b","2026-04-23","4","120","222","electronica"
"88086639-24df-4306-836d-5a3089f9776c","2025-07-31","17","248","489","reggaeton"
"ba9e9099-4603-4757-8133-1ef02fd97004","2026-05-17","10","424","361","indie"
"f3e806f5-428d-4ae5-b725-19a1fada3f46","2025-08-28","19","84","467","jazz"
"482c3270-2513-446f-a9af-8b6fa65a56d8","2025-06-03","5","495","422","techno"
"5a5f129e-8b54-42d3-9c6e-67ec94f8fd8a","2026-04-14","7","146","117","rock"
"b3875512-d40b-4cc5-a7b3-c615afbe8888","2025-09-06","22","252","196","pop"
"c52c7dad-0ade-4d91-b892-0ac84914a299","2026-03-20","10","234","483","electronica"
"ca32b3f2-de32-4fdb-be62-816b39ee3291","2025-08-10","21","409","8","reggaeton"
"e30584e6-18b2-4295-9b6a-6807db0eddcb","2026-04-27","22","373","106","indie"
"4ad8cbf6-e508-446c-841d-3dcf339ce2e1","2025-07-27","19","405","421","jazz"
"a7bb23b5-0e2d-43d4-b63c-e331e2051c77","2025-10-22","20","234","249","techno"
"2a6d31ee-e910-4413-999d-5ba3d50a4d57","2026-04-24","5","273","253","rock"
"ba9359e1-0a3e-45d4-9f20-9a38bed6370a","2025-10-07","6","66","266","pop"
"a2d0f047-db4a-4687-8211-fde4bb70ff8d","2026-01-10","8","100","401","electronica"
"11de1ffa-f9de-46cb-ad96-c588a2ac34fe","2026-03-02","8","342","5","reggaeton"
"2cf93561-07b3-4189-903f-a34c1525ecba","2026-01-01","16","177","219","indie"
"4fe854ff-d71c-49d4-91a0-591cd8dc551f","2025-11-08","12","469","68","jazz"
"5ad0dcef-60df-4785-be89-e12c6c29fff5","2025-11-24","11","170","443","techno"
"89f8d63a-a78f-4da4-be25-3a6dfb66c701","2025-10-24","0","364","113","rock"
"43a94e73-1614-45a9-abf4-6a55d20b7edd","2025-08-13","17","81","263","pop"
"9cb538d4-7d42-411c-bacc-d33f66a4f5fc","2026-01-19","21","498","50","electronica"
"22a4cbfa-c10f-4e4a-94f0-0909822ea4a8","2026-05-10","17","495","360","reggaeton"
"5a253a4e-e920-427b-9495-58c711b1d824","2026-01-20","5","286","11","indie"
"9ef289aa-7158-459c-8a0c-3f3ad7eb338c","2025-12-02","14","106","374","jazz"
"b120a247-a6ec-4275-929f-32a50d55d703","2026-01-24","8","340","470","techno"
"e46f293c-0995-4ca8-ba1f-c389ce3364ca","2025-08-20","7","299","319","rock"
"d5b8c614-e2c4-4186-83a3-297a2915c0b7","2026-01-26","8","242","311","pop"
"c2f2fe80-bd49-4539-bbb0-e3aeb23f3815","2025-10-19","1","173","78","electronica"
"9df46341-87d1-4de8-9b0d-7a7d1f2a48a3","2026-03-20","15","177","344","reggaeton"
"febac10a-b13e-4fd4-a9ad-4285269b5317","2025-06-29","8","402","296","indie"
"d17d0adc-b309-4497-8854-eedf9d6cf7b9","2026-03-05","16","313","393","jazz"
"a0cd8c7c-19bd-44d2-a1a9-022be77a6209","2026-01-20","9","81","426","techno"
"d30fee43-5ed4-430b-af85-0da70fca2887","2026-02-21","3","282","346","rock"
"cf3797ad-71f6-440c-9dd3-f78f2307048e","2026-01-03","18","307","122","pop"
"73c0976e-68dd-4757-9e9c-3c65d86095c5","2026-04-22","17","266","13","electronica"
"032213d7-f443-4695-9bb0-f73fdbc4a6b0","2025-06-15","3","6","331","reggaeton"
"9abbc8de-a430-4333-a588-bd6c89822e5b","2025-12-27","2","365","26","indie"
"6e5eb385-202d-4283-a935-435354501373","2025-12-13","10","70","56","jazz"
"b8dd1365-da59-4dd8-a858-de52019c7420","2025-06-19","12","92","499","techno"
"3f50eb22-bd98-403d-a520-4f73045bde27","2026-01-13","0","215","406","rock"
"c4fb45eb-f10f-4421-af7a-60f7f961e0aa","2025-08-22","21","382","24","pop"
"43df6cc1-d43e-41b4-805f-ed9b2f34ad60","2026-04-18","6","292","75","electronica"
"1a6d4331-79b8-4ee0-acfe-43242704f484","2025-12-27","22","252","359","reggaeton"
"75a39c93-a5af-451b-a685-ba324dae18ec","2025-07-30","17","45","404","indie"
"ab369c7d-c606-43b4-a8df-e348b735dcc2","2025-11-08","13","57","94","jazz"
"c934185f-efd2-4acf-9508-7875a39cb438","2025-08-31","7","355","101","techno"
"56c4ab47-d8e9-4a8d-adbc-bed2948bed42","2025-12-22","12","153","279","rock"
"c1ac28b6-30b8-44f5-92da-4899fc720197","2025-10-01","0","370","178","pop"
"91d153b8-ed11-4172-a02b-ca32a200896d","2026-02-08","8","359","205","electronica"
"34b5fa45-c3a2-4cb3-9550-46f324fd9fe8","2025-11-06","11","92","341","reggaeton"
"a4a9252b-f788-45fe-9097-52bdb1e27595","2025-09-26","7","188","414","indie"
"8d108cc7-e9b6-416f-b230-bcab606fc711","2025-09-27","22","317","171","jazz"
"35a601a0-fe17-4792-8570-e70f14e7ccad","2026-01-04","5","46","428","techno"
"241a850d-4b46-49ed-b5fb-f9ada2168400","2025-11-26","16","84","376","rock"
"cfdaddd9-cc99-49e8-893e-aa3fbdba692f","2025-12-16","2","252","288","pop"
"a7aa062d-2525-4ded-b9bc-883464205c27","2026-01-18","7","170","178","electronica"
"99e58432-14a1-41b8-89ab-e5ca0eb369f6","2025-10-28","17","267","87","reggaeton"
"bcbb0f59-a7ef-40ed-a18a-ffef13383474","2026-04-20","5","46","207","indie"
"4049895f-afe7-4cda-bf60-81cc8707a1f9","2025-10-01","16","199","40","jazz"
"4f5156a4-8b9f-4227-8956-734fab3645ad","2026-05-17","6","129","84","techno"
"8b558c42-ace6-4804-95af-b4ef0604906f","2025-10-23","20","53","187","rock"
"c104e088-c17f-4321-8d33-fafface65956","2026-04-15","21","0","251","pop"
"84253fee-11ca-4de1-8e97-7afa126c96ce","2025-08-15","16","196","350","electronica"
"59ff8dbd-4f1a-42ae-be2c-1b8a0a100207","2025-11-09","10","462","17","reggaeton"
"71334603-73b5-4d37-8f5b-ac4c3b144583","2026-04-14","4","87","67","indie"
"f7bc7bb5-540c-487a-bd6b-62b600f92a14","2026-01-21","17","336","175","jazz"
"f17f1dd0-ffe3-4fd1-acd4-338040ee2be4","2025-08-06","0","426","477","techno"
"7ca898ab-746b-47f8-bea1-ce2ede3f7d7b","2026-04-19","6","4","354","rock"
"a00c811a-529e-4853-9f4b-1c1449a862f3","2025-08-16","2","232","243","pop"
"0b3f86de-3992-4261-acc0-7b2099e8dac7","2025-07-06","13","265","306","electronica"
"3b0c3ca3-45e6-4085-9375-a5b8f972312c","2026-03-13","19","471","266","reggaeton"
"51c40eef-6da7-4281-a0bd-3939afb65c57","2026-05-07","0","336","471","indie"
"a494f064-640b-455c-9567-b63f7e972b23","2026-01-04","17","211","462","jazz"
"14bf7d9c-c79d-47f0-b625-f5878bc0471b","2025-06-19","23","476","0","techno"
"c7a09f00-a76e-4761-8961-44592f741a93","2026-01-18","22","91","361","rock"
"837c6d9b-d3df-4df2-8463-622497cde249","2025-06-26","21","79","195","pop"
"6dbf465b-8329-4af0-b184-f87f41625d90","2025-06-13","15","288","176","electronica"
"f773146a-0fea-47a4-982d-404df0dde2f9","2025-08-20","4","490","237","reggaeton"
"cd084569-c944-4655-924d-a7f38d17f586","2026-01-22","1","408","328","indie"
"f4b723f1-c70f-4ed5-a545-793089942193","2025-10-25","14","474","485","jazz"
"11ab41d7-d238-400f-a99e-96bf67e1b31f","2026-03-24","20","378","76","techno"
"7b0291a9-68bd-45f9-9630-2af8c0b54e34","2025-09-18","12","176","280","rock"
"ede2b301-0f2d-4f11-8ac0-b51c9a8859a8","2025-12-03","22","20","487","pop"
"f53674fb-f9a8-4f25-a31e-18fc82ff861b","2025-12-28","1","361","330","electronica"
"34d02c94-850e-4e94-bb51-b9f5c947a01e","2025-11-15","5","441","149","reggaeton"
"2f44f12d-f849-40e2-bec8-b3939dea96fe","2025-07-21","20","116","287","indie"
"af715da2-5c2c-496f-b2b8-5a5e6b434238","2026-02-21","11","378","9","jazz"
"31bc96bf-2089-442a-add8-655fe9f4c31c","2025-12-03","10","69","319","techno"
"be4fe0b0-ad7e-4ef7-9a68-6cb31dcd0d86","2026-02-11","0","209","385","rock"
"6b5df25e-5b3c-476c-bf7e-3f939c6a8037","2025-09-26","13","18","81","pop"
"01f6a167-5e0e-4144-b6da-9048104f9854","2025-09-06","6","83","128","electronica"
"92285420-3ec9-4a6f-af9a-a68e30564023","2026-05-04","22","25","131","reggaeton"
"cccb21c0-ccac-4a13-9735-e4195cc3ac4d","2026-02-24","7","384","113","indie"
"f474bcc8-f257-49ba-ad8a-692d16c69fa4","2025-09-09","18","84","224","jazz"
"4a08bd30-064e-4da4-8c22-add16299a90e","2026-04-28","10","237","489","techno"
"98c0d7af-c3c7-4e42-86b5-77fdbd1ba3bf","2026-02-14","5","299","495","rock"
"6e9d88ec-ece6-46dc-b093-a4576ff3801b","2025-06-30","6","125","281","pop"
"3213df42-3810-47e9-aa77-526d14438ed7","2026-02-02","17","344","153","electronica"
"7289197f-b9e2-4850-be66-efd1d0cd075b","2026-03-19","0","214","414","reggaeton"
"8624a660-d92b-42fd-984f-9f8b79655d89","2026-04-06","16","383","290","indie"
"4ea3f17e-3b29-4475-93c7-31f4ad7c1f6e","2026-05-21","8","403","331","jazz"
"e88c442d-7c20-4ae3-a07f-61d8f887583e","2026-05-26","3","257","52","techno"
"41630fdc-2069-4fb9-8e06-f30a3f935a8b","2026-01-01","8","13","396","rock"
"0d38904f-0a15-4ca6-bbda-9962a52a054c","2025-10-09","9","252","146","pop"
"3feb639a-0e77-469b-bffd-bb9ac6155ca7","2026-04-25","17","52","114","electronica"
"1fa22141-0fb3-4667-aabb-89fb7bc7ed05","2025-06-10","23","483","482","reggaeton"
"6561d0f4-4b65-4160-81fc-28378407c22f","2026-03-27","17","422","16","indie"
"b11e7983-6cfd-423b-b8f1-a38d9e099101","2025-07-14","23","342","368","jazz"
"aaf49a7e-5e43-4019-b29b-4b300e6bfdb5","2026-04-12","13","492","12","techno"
"c5e6146a-546c-44c2-a6b8-5039768e81fd","2025-09-28","1","419","402","rock"
"71f3fda6-847c-4065-911f-721b87d1dc02","2026-02-06","3","412","16","pop"
"f7c9cc5e-77b2-442b-97e3-070d69960937","2026-05-06","9","103","326","electronica"
"febb237f-51bc-4a37-8b8f-d0aa09dd4dce","2026-03-19","20","421","282","reggaeton"
"3385d9ae-611c-4773-a5f6-d2837d28ba1f","2025-12-06","5","472","299","indie"
"f2337df2-2bb9-401f-8ee3-d505a70ece6a","2025-12-14","20","335","222","jazz"
"d7cabebc-996f-403e-b037-5a09e75c27ab","2025-10-12","21","399","493","techno"
"8ab4f087-405f-4ad4-978b-12f5331db8ad","2025-08-18","17","21","42","rock"
"afb895f2-36f4-4bac-bd6e-97adeae196a7","2025-10-17","9","402","93","pop"
"27cd0e07-54d6-4275-9b0b-cf32daa53697","2026-05-30","18","404","413","electronica"
"80497675-28fd-482c-b6d7-0215de6bc300","2026-02-17","13","272","325","reggaeton"
"e3c6ebf6-ee59-4b77-a3f5-3e06fd884c9c","2026-04-13","9","321","236","indie"
"f300dbe2-d878-460c-8c03-13f6dcdd30c8","2026-05-14","2","379","278","jazz"
"392be59b-1985-4904-956a-e8c62ac1efdc","2026-02-22","10","405","341","techno"
"8de87fb0-0cf4-4ea9-8f7a-791e9a6ed859","2025-10-21","19","448","392","rock"
"184bfbed-479a-4346-aee8-ce2b85843337","2026-03-28","13","323","121","pop"
"05ab704b-8376-41c5-8af6-faee01a6d46d","2025-09-10","7","115","114","electronica"
"5635f419-26b1-4796-9f63-52a8dd8f8a97","2025-11-28","21","433","77","reggaeton"
"5097abc4-e6ab-4e07-8eff-cd7508d911cc","2026-04-07","14","427","238","indie"
"2c1de81b-c6f7-4817-9f66-4dbfa60c7d6e","2025-12-27","11","261","271","jazz"
"21d477b0-9cf4-49d6-8fdb-22cfcb92bf6c","2025-12-06","18","340","42","techno"
"dc78db8c-cb79-4da2-b17f-f512cb15c83b","2025-10-15","10","313","208","rock"
"433a6703-2ac0-4e0f-abe5-8dbd66922a6c","2026-03-07","17","340","244","pop"
"cf5fe24f-4069-4f97-94c9-ec18ec85981b","2026-05-14","10","174","354","electronica"
"93c749c7-6292-4101-9965-2df412b11ffd","2025-06-07","8","384","207","reggaeton"
"2c7128a9-f47f-4560-bc7b-ae0b5df23007","2025-11-02","12","5","302","indie"
"1b88fbfc-35d3-4ae0-838b-d8cd2022c282","2025-08-24","10","213","123","jazz"
"65474bbd-fbae-4413-a110-c5ddca67c914","2026-01-04","8","46","72","techno"
"62054c44-db86-41ce-944e-98fe9db6b827","2025-07-12","0","479","291","rock"
"53c21dce-56bf-4824-b0a6-c4e0d8c5d555","2026-02-04","18","338","461","pop"
"9f579b67-86d8-4616-b03d-be07da1cbbf7","2026-05-03","6","245","245","electronica"
"3b563270-89d7-4c03-b962-a26a079df16d","2025-08-11","12","162","210","reggaeton"
"e164f9cf-7363-41c6-b89d-f27441c460a9","2025-12-30","20","371","159","indie"
"28bb7dbf-3c9f-42a1-97e4-ed389ac9fbcb","2025-11-07","15","67","306","jazz"
"4abc03b7-0f1f-4bdf-9939-7ff6b4667a3d","2025-09-01","9","434","276","techno"
"705d9b69-c1b2-491d-bcc2-3d670a8a02f2","2026-01-25","19","495","351","rock"
"de132b98-f750-4eec-b46d-253ce1b6fb56","2025-07-16","14","121","411","pop"
"fd648b59-3f1f-46d9-944e-bb0d7f4a09b8","2025-08-29","17","453","315","electronica"
"d41cbfbe-3b30-4888-bc7e-2b3dfb6e7228","2026-03-08","6","99","221","reggaeton"
"2edf46e5-fcf6-4e78-8280-8343fe0a46c7","2026-02-17","7","237","459","indie"
"3355e1c9-be57-40c9-bf94-3ababa89f06f","2026-05-12","20","253","191","jazz"
